{"sections":{"main-blog":{"type":"blog-template","blocks":{"0a610e81-da76-490c-9451-c0bd65513b3c":{"type":"archive","settings":{"wedget_title":"Archive"}},"504b5dac-73f2-4099-9bb5-4f23915f50e2":{"type":"search","settings":{"wedget_title":"Search"}},"79c403d3-0cd2-4851-b144-f236e012286c":{"type":"recent_post","settings":{"wedget_title":"Recent Post","recent_post_limit_handle":3,"post_title_len":3}},"becd0aea-1e49-4fdd-95d9-b13b146b40b5":{"type":"tag","disabled":true,"settings":{"wedget_title":"Tags","blog_tags_list_limit_handle":10}},"2a5d82c2-64f4-493c-a494-4481ae16f20b":{"type":"banner","disabled":true,"settings":{"wedget_title":"","banner_image_url":""}}},"block_order":["0a610e81-da76-490c-9451-c0bd65513b3c","504b5dac-73f2-4099-9bb5-4f23915f50e2","79c403d3-0cd2-4851-b144-f236e012286c","becd0aea-1e49-4fdd-95d9-b13b146b40b5","2a5d82c2-64f4-493c-a494-4481ae16f20b"],"settings":{"container_width":"container","blog_limit_handle":9,"blog_layout":"grid","blog_layout_grid":false,"sidebar_handle":"left_sidebar_handle","blog_column":"6","blog_md_column":"6","product_column_xs":"6","post_thumbnail_enable":true,"post_author_enable":false,"post_publish_time_enable":false,"post_comment_enbale":true,"post_title_enable":true,"post_content_enbale":true,"post_content_len":10,"post_readmore_btn_enbale":true,"read_more_button":"Read More","author_title":"By :"}}},"order":["main-blog"]}