{"sections":{"main":{"type":"cart-template","settings":{"table_image_title":"Image","table_product_title":"Product","table_price_title":"Price","table_quantity_title":"Quantity","table_total_title":"Total","table_reomove_title":"Remove","update_button_title":"Update Cart","continue_shopping_title":"Continue Shopping","clear_cart_title":"Clear Cart","cart_vendor_enable":false,"delivery_date_enable":true,"pick_delivery_time_title":"Pick a delivery date and Time","pick_delivery_only_date":true,"selectweekDays":"1, 2, 3, 4, 5","pick_delivery_time":true,"special_note_for_the_customers":"Pick delivery date and time as you choose. Delivery Time takes place between 12PM - 4PM MON-FRI AND 8AM-11AM SAT.","cart_feature":"shipping_calculator","shipping_calculator_heading":"Get shipping estimates","shipping_calculator_button_title":"Calculate shipping","cart_note_title":"Special instructions for seller","cart_total_heading_title":"Cart Totals","cart_subtotal_title":"Subtotal","cart_total_title":"Total","check_term_condtion":true,"agree_btn_text":"I agree with the terms and conditions","checkout_button_title":"Proceed to Checkout","checkbout_btn_color":"#d3122a","checkout_button_text_color":"#ffffff","empty_cart_title_bar":true,"shopping_cart_title":"Shopping Cart is Empty.","empty_cart_img_enable":true,"empty_cart_title_enable":true,"cart_empty_title":"You have no items in your shopping cart.","continue_shoping_enable":true,"cart_continue_title":"Continue Shopping"}},"1631071222603bc346":{"type":"product_carousel","blocks":{"cf5d4755-2a0c-4e83-943f-ad0f0801c99b":{"type":"section_margin","settings":{"section_margin_top":0,"section_margin_bottom":90,"section_margin_top_md":0,"section_margin_bottom_md":75,"section_margin_top_xs":0,"section_margin_bottom_xs":65}}},"block_order":["cf5d4755-2a0c-4e83-943f-ad0f0801c99b"],"disabled":true,"settings":{"container_width":"container","section_title_enable":true,"section_title":"You can also buy","section_title_size":"title--large","section_title_paragraph":"","view_more_btn":false,"view_more_btn_text":"View More","view_more_btn_url":"","text_align":"center","product_cat_handle_id":"bestseller","product_limit_handle":8,"product_style":"style1","autoplay_true":false,"navigation_enable":false,"arrows_color":"#e7e7e7","pagination_enable":true,"md_pagination_enable":true,"xs_pagination_enable":true,"slide_items_show":4,"items_more_than_1200":4,"items_more_than_992":3,"items_more_than_768":2,"items_more_than_480":2,"items_more_than_320":1}}},"order":["main","1631071222603bc346"]}