{"sections":{"main":{"type":"collection-list-view-template","blocks":{"f5a17e00-fcb6-441c-885a-1a0287236fa5":{"type":"category","settings":{"widget_title":"Categories","categories_list_limit_hanlde":5}},"6eaaf0e8-e015-4818-95ce-db793d1dd47f":{"type":"banner","settings":{"widget_title":"","banner_image_url":""}}},"block_order":["f5a17e00-fcb6-441c-885a-1a0287236fa5","6eaaf0e8-e015-4818-95ce-db793d1dd47f"],"settings":{"container_width":"container","shopbar_enable":true,"show_ajax_paginate":true,"ajax_show_title_handle":"Show | per page","filter_btn_text":"Filters","tab_bar_enable":true,"showing_product_counter_enable":true,"showing_title_handle":"Showing | of | result","collection_description":false,"collection__title":true,"collection__description_text":true,"textAlign":"default","shop_page_title_image_enable":true,"custom_collection_banner":"each_collection_automate","products_limit_handle":12,"deault_active_grid_column":"12","product_column_md":"12","product_column_xs":"12","tm_small_mobile_col":"12","product_style":"style1"}}},"order":["main"]}