{"sections":{"main":{"type":"collection-template","blocks":{"0cca9239-e010-414f-ba0e-1cec960de0c1":{"type":"banner","settings":{"widget_title":"Banner","banner_image_url":""}},"4372d354-c3e4-4754-ab0d-5e98e16d8318":{"type":"menu","settings":{"widget_title":"Custom Menu","menu_handle":"main-menu"}}},"block_order":["0cca9239-e010-414f-ba0e-1cec960de0c1","4372d354-c3e4-4754-ab0d-5e98e16d8318"],"settings":{"container_width":"container","enable_filtering":false,"enable_sorting":false,"collection_sidebar":"without_sidebar_full","shopbar_enable":false,"show_ajax_paginate":false,"ajax_show_title_handle":"Show | per page","filter_btn_text":"Filters","tab_bar_enable":false,"showing_product_counter_enable":false,"showing_title_handle":"Showing | of | result","collection_description":false,"collection__title":false,"collection__description_text":false,"textAlign":"center","shop_page_title_image_enable":false,"custom_collection_banner":"each_collection_automate","products_limit_handle":10,"deault_active_grid_column":"3","product_column_md":"6","product_column_xs":"6","tm_small_mobile_col":"12","product_style":"style1"}}},"order":["main"]}