{"sections":{"16272984271dd9cdb1":{"type":"hero_fullwidth_slider","blocks":{"16272984271dd9cdb1-0":{"type":"slide","settings":{"slider_img":"shopify:\/\/shop_images\/Taste-the.jpg","slider_sm_img":"shopify:\/\/shop_images\/Taste-theo.jpg","slider_caption_title_1":"","slider_caption_title_2":"","slider_caption_btn":"","slider_caption_btn_link":"#","row_reverse":false,"justify_content":"start","content_align":"left","caption_title1_color":"#000000","Subtitle_font":"lato_n9","caption_title2_color":"#000000","main_title_font":"lato_n4","slide_caption_btn_bg_color":"#000000","slide_caption_btn_color":"#ffffff","slide_caption_btn_border_color":"#000000","slide_caption_btn_hover_color":"#000000","lg_col":"6","lg_offset":"0","md_col":"5","md_offset":"0","content_lg_col":"6","content_lg_offset":"1","content_md_col":"7","content_md_offset":"0"}},"slide_9zHfHc":{"type":"slide","settings":{"slider_img":"shopify:\/\/shop_images\/Ragi-Pita-Chips.jpg","slider_sm_img":"shopify:\/\/shop_images\/Ragi-Pita-Chips-mob.jpg","slider_caption_title_1":"","slider_caption_title_2":"","slider_caption_btn":"","slider_caption_btn_link":"","row_reverse":false,"justify_content":"end","content_align":"left","caption_title1_color":"#333333","Subtitle_font":"work_sans_n4","caption_title2_color":"#333333","main_title_font":"work_sans_n4","slide_caption_btn_bg_color":"#333333","slide_caption_btn_color":"#ffffff","slide_caption_btn_border_color":"#333333","slide_caption_btn_hover_color":"#333333","lg_col":"5","lg_offset":"0","md_col":"5","md_offset":"0","content_lg_col":"6","content_lg_offset":"1","content_md_col":"7","content_md_offset":"0"}}},"block_order":["16272984271dd9cdb1-0","slide_9zHfHc"],"custom_css":[".hero-slider-content .main-title h2 {font-weight: bold;}",".hero-slider-content > h5 {font-weight: 600;}"],"settings":{"slider_autoplay_enable":false,"slider_content_type":"without_image","loop_true":false,"pagination_true":false,"slider_paginate_color":"#999999","slider_active_paginate_color":"#333333","navigation_true":false,"navigation_style2":true,"navigation_bg_color":"#ffffff","navigation_color":"#999999","navigation_hover_bg_color":"#222222","navigation_hover_color":"#ffffff","section_snow_effect":false,"slider_overlay_color":"#ffffff","slider_overlay_opacity":0}},"c91cde61-8b15-474a-bb04-f5e6179208e2":{"type":"custom-html","blocks":{"template--18535677821248__c91cde61-8b15-474a-bb04-f5e6179208e2-1685609876c8320667-0":{"type":"section_padding","settings":{"section_padding_top":20,"section_padding_bottom":20,"section_padding_top_md":20,"section_padding_bottom_md":20,"section_padding_top_xs":20,"section_padding_bottom_xs":20}}},"block_order":["template--18535677821248__c91cde61-8b15-474a-bb04-f5e6179208e2-1685609876c8320667-0"],"settings":{"section_title":"","custom_html_content":""}},"indic_7_icons_EXxWkn":{"type":"indic-7-icons","settings":{}},"custom_html_JzXR8M":{"type":"custom-html","blocks":{"section_padding_YB746R":{"type":"section_padding","settings":{"section_padding_top":20,"section_padding_bottom":20,"section_padding_top_md":20,"section_padding_bottom_md":20,"section_padding_top_xs":20,"section_padding_bottom_xs":20}}},"block_order":["section_padding_YB746R"],"settings":{"section_title":"","custom_html_content":""}},"indic_three_product_3WV6QQ":{"type":"indic-three-product","settings":{}},"indic_points_three_b7RDBk":{"type":"indic-points-three","settings":{}},"video_section_4_nNyTLG":{"type":"video_section_4","blocks":{"section_padding_WKBAdk":{"type":"section_padding","settings":{"section_padding_top":100,"section_padding_bottom":100,"section_padding_top_md":50,"section_padding_bottom_md":50,"section_padding_top_xs":40,"section_padding_bottom_xs":40}}},"block_order":["section_padding_WKBAdk"],"custom_css":["#section-template--18535677821248__video_section_4_nNyTLG {padding-top: 100px !important; padding-bottom: 20px !important;}"],"settings":{"container_style":"style_1","product_banner_Post":"left","video_banner_text_enable":true,"text_style":"text_style_left","about_description":"<h2 class=\"head\">Rooted in tradition where food is also an emotion.<\/h2>\n<br>\n<p class=\"head\">Food that will connect you to your deep-rooted emotions. We have re-invented classic Indian dishes and more with technology that ensures the food on your plate is 100% natural and yet true to its authentic flavours. our process helps preserve the nutritional value of the dish, while tapping into age-old cooking traditions, family recipes and home-grown ingredients.\n<\/p>","about_button":"","about_button_url":"","banner_enable":true,"video_image":"shopify:\/\/shop_images\/indic-vid-image.png","video_popup_url":"https:\/\/www.youtube.com\/watch?v=3xquqhiCvDU","video_popup_icon":"shopify:\/\/shop_images\/indic-play-icon.png","description_color":"#282828","banner_btn_bg_color":"#333333","banner_btn_border_color":"#333333","banner_btn_color":"#ffffff","banner_btn_hover_bg_color":"#f9f9f9","banner_btn_hover_border_color":"#333333","banner_btn_hover_color":"#333333"}},"indic_five_icons_pcyzRe":{"type":"indic-five-icons","settings":{}},"89983bc5-9ca1-45c3-9068-5e2f90e036f9":{"type":"latest-blog","blocks":{"section_padding_RwLdLC":{"type":"section_padding","settings":{"section_padding_top":80,"section_padding_bottom":50,"section_padding_top_md":50,"section_padding_bottom_md":50,"section_padding_top_xs":30,"section_padding_bottom_xs":30}}},"block_order":["section_padding_RwLdLC"],"custom_css":["h2 {font-size: 34px; line-height: 1.2em;}","h6,h6 a {font-size: 20px; margin-bottom: 15px; color: #000;}"],"settings":{"container_width":"container","latest_blog_style":"b_style_1","section_title_enable":true,"section_title":"learn about your food","section_description":"labels are important","section_btn_text":"View All","text_align":"left","section_btn_link":"shopify:\/\/blogs\/news","blog_handle":"news","blog_limit_handle":2,"post_thumbnail_enable":true,"post_author_enable":false,"post_publish_time_enable":false,"post_comment_enbale":false,"post_title_enable":true,"post_content_enbale":true,"post_content_len":20,"post_readmore_btn_enbale":false,"read_more_button":"Read More","author_title":"By :","blog_tags_enable":true,"autoplay_true":false,"navigation_enable":true,"arrow_nav_icon_color":"#e7e7e7","slide_items_show":2,"items_more_than_1200":2,"items_more_than_992":2,"items_more_than_768":1,"items_more_than_480":1,"items_more_than_320":1}}},"order":["16272984271dd9cdb1","c91cde61-8b15-474a-bb04-f5e6179208e2","indic_7_icons_EXxWkn","custom_html_JzXR8M","indic_three_product_3WV6QQ","indic_points_three_b7RDBk","video_section_4_nNyTLG","indic_five_icons_pcyzRe","89983bc5-9ca1-45c3-9068-5e2f90e036f9"]}