{"sections":{"main":{"type":"list-collection-template","blocks":{"ce6e9bad-8f65-4184-975e-b8688c13d797":{"type":"custom_collection","disabled":true,"settings":{"featured_product_handle":"bestseller","collection_img":"custom","custom_collection_title":"Collection Title","custom_collection_link":"\/","cat_column":"4","cat_column_md":"4","cat_column_xs":"6"}},"85a5e0c5-e3f7-42b0-a722-9530c9c613c6":{"type":"custom_collection","disabled":true,"settings":{"featured_product_handle":"","collection_img":"default","custom_collection_title":"Collection Title","custom_collection_link":"\/","cat_column":"4","cat_column_md":"4","cat_column_xs":"6"}},"64214163-f3eb-4d53-bc2f-5f794f5abea9":{"type":"custom_collection","disabled":true,"settings":{"featured_product_handle":"","collection_img":"default","custom_collection_title":"Collection Title","custom_collection_link":"\/","cat_column":"4","cat_column_md":"4","cat_column_xs":"6"}}},"block_order":["ce6e9bad-8f65-4184-975e-b8688c13d797","85a5e0c5-e3f7-42b0-a722-9530c9c613c6","64214163-f3eb-4d53-bc2f-5f794f5abea9"],"disabled":true,"settings":{"collection_handle":"only_custom_collection","section_text_align":"section_text_center","product_column":"3","product_md_column":"4","product_column_xs":"6","more_title":"More","product_label":"Products"}},"indic_four_collections_Fz6JjF":{"type":"indic-four-collections","settings":{}}},"order":["main","indic_four_collections_Fz6JjF"]}