{"sections":{"main":{"type":"main-page","settings":{}},"163980790677138386":{"type":"revoulation_slider","blocks":{"16398079065d491048-0":{"type":"slide1","settings":{"rev_slide1_title1":"WOMEN COLLECTION","slider_title1_font_handle":"work_sans_n6","rev_slide1_title2":"Behind the desert <br> Gifts for girls","slider_title2_font_handle":"work_sans_n4","rev_slide1_btn":"SHOP NOW","rev_slide1_btn_link":"","slider_btn_font_handle":"work_sans_n4","slide1_caption_image_enable":true,"slide_Layer_bg_color":"#faf7ee","slide_title1_color":"#333333","slide_title2_color":"#333333","rev_slide_caption_btn_bg_color":"#333333","rev_slide_caption_btn_color":"#ffffff","rev_slide_caption_btn_hover_bg_color":"#ffffff","rev_slide_caption_btn_hover_border_bg_color":"#333333","rev_slide_caption_btn_hover_color":"#333333","pgainate_active_color":"#333333","pgainate_prev_color":"#cccccc","divider_color":"#000000","divider_color_opacity":0.5}},"16398079065d491048-1":{"type":"slide2","settings":{"slide2_tlitle1":"Men COLLECTION","slider_title1_font_handle":"work_sans_n6","slide2_tlitle2":"Feeling relax day, <br> enjoy weekend","slider_title2_font_handle":"work_sans_n4","rev_slide2_btn":"SHOP NOW","rev_slide2_btn_link":"","slider_btn_font_handle":"work_sans_n4","slide2_caption_image_enable":true,"slide_Layer_bg_color":"#ebf4f2","slide_title1_color":"#333333","slide_title2_color":"#333333","rev_slide_caption_btn_bg_color":"#333333","rev_slide_caption_btn_color":"#ffffff","rev_slide_caption_btn_hover_bg_color":"#ffffff","rev_slide_caption_btn_hover_border_bg_color":"#333333","rev_slide_caption_btn_hover_color":"#333333","pgainate_active_color":"#333333","pgainate_prev_color":"#cccccc","divider_color":"#000000","divider_color_opacity":0.5}},"16398079065d491048-2":{"type":"slide3","settings":{"slide3_title1":"NEW ARRIVALS","slider_title1_font_handle":"work_sans_n6","slide3_title2":"Shoes collection <br> ss-2018","slider_title2_font_handle":"work_sans_n4","rev_slide3_btn":"SHOP NOW","rev_slide3_btn_link":"","slider_btn_font_handle":"work_sans_n4","slide3_caption_image_enable":true,"slide_Layer_bg_color":"#f4ede7","slide_title1_color":"#333333","slide_title2_color":"#333333","rev_slide_caption_btn_bg_color":"#333333","rev_slide_caption_btn_color":"#ffffff","rev_slide_caption_btn_hover_bg_color":"#ffffff","rev_slide_caption_btn_hover_border_bg_color":"#333333","rev_slide_caption_btn_hover_color":"#333333","pgainate_active_color":"#333333","pgainate_prev_color":"#cccccc","divider_color":"#000000","divider_color_opacity":0.5}}},"block_order":["16398079065d491048-0","16398079065d491048-1","16398079065d491048-2"],"disabled":true,"settings":{"rev_arrow_bg_color":"#ffffff","arrow_text_color":"#000000","section_margin_top":0,"section_margin_bottom":50,"section_margin_top_md":0,"section_margin_bottom_md":30,"section_margin_top_xs":0,"section_margin_bottom_xs":30}}},"order":["main","163980790677138386"]}