{"sections":{"indic_four_collections_mDc3kW":{"type":"indic-four-collections","settings":{}},"indic_faqs_ceiHbq":{"type":"indic_faqs","settings":{}},"testmonial_section_3_QVrfbw":{"type":"testmonial_section_3","blocks":{"testimonial_k6CCGG":{"type":"testimonial","settings":{"text_style":"text_style_left","testimonial_description":"Maecenas eu accumsan libero. Fusce id imperdiet felis. Cras sed ex vel turpis ultricies blandit nec et massa. Pellentesque lectus turpis, vestibulum eu interdum vel.","rating_enable":true,"rating":"rating_1","testimonial_img_enable":true,"client_name":"Lura Frazier","client_felling":"Happy Client"}},"testimonial_zrrkXg":{"type":"testimonial","settings":{"text_style":"text_style_left","testimonial_description":"Maecenas eu accumsan libero. Fusce id imperdiet felis. Cras sed ex vel turpis ultricies blandit nec et massa. Pellentesque lectus turpis, vestibulum eu interdum vel.","rating_enable":true,"rating":"rating_1","testimonial_img_enable":true,"client_name":"Lura Frazier","client_felling":"Happy Client"}},"testimonial_r9nAMM":{"type":"testimonial","settings":{"text_style":"text_style_left","testimonial_description":"Maecenas eu accumsan libero. Fusce id imperdiet felis. Cras sed ex vel turpis ultricies blandit nec et massa. Pellentesque lectus turpis, vestibulum eu interdum vel.","rating_enable":true,"rating":"rating_1","testimonial_img_enable":true,"client_name":"Lura Frazier","client_felling":"Happy Client"}},"testimonial_ktb3JC":{"type":"testimonial","settings":{"text_style":"text_style_left","testimonial_description":"Maecenas eu accumsan libero. Fusce id imperdiet felis. Cras sed ex vel turpis ultricies blandit nec et massa. Pellentesque lectus turpis, vestibulum eu interdum vel.","rating_enable":true,"rating":"rating_1","testimonial_img_enable":true,"client_name":"Lura Frazier","client_felling":"Happy Client"}},"section_background_wiGeXA":{"type":"section_background","settings":{"section_bg_color":"#f7be67"}},"section_padding_P7pMbg":{"type":"section_padding","settings":{"section_padding_top":40,"section_padding_bottom":40,"section_padding_top_md":40,"section_padding_bottom_md":40,"section_padding_top_xs":30,"section_padding_bottom_xs":30}}},"block_order":["testimonial_k6CCGG","testimonial_zrrkXg","testimonial_r9nAMM","testimonial_ktb3JC","section_background_wiGeXA","section_padding_P7pMbg"],"custom_css":[".section-title h1 {color: #fff; font-size: 30px;}"],"settings":{"section_title":"What Clients Say ?","section_title_paragraph":"","text_align":"center","autoplay_true":true,"navigation_enable":true,"slide_items_show":3,"items_more_than_1200":2,"items_more_than_992":2,"items_more_than_768":1,"items_more_than_480":1,"items_more_than_320":1}}},"order":["indic_four_collections_mDc3kW","indic_faqs_ceiHbq","testmonial_section_3_QVrfbw"]}