{"sections":{"main":{"type":"faq","blocks":{"e95906bf-765c-4c37-be56-ebb8ef8c3c58":{"type":"faq","settings":{"faq_title":"frequently Ask Question","faq_description":"Once your order has been shipped, you will receive an email with your tracking and shipping information."}},"232ea3ab-df1d-4021-88e2-2519c597e589":{"type":"faq","settings":{"faq_title":"frequently Ask Question","faq_description":"Once your order has been shipped, you will receive an email with your tracking and shipping information."}},"a5220930-cf30-42f7-b3cf-4cf2c84c18b9":{"type":"faq","settings":{"faq_title":"frequently Ask Question","faq_description":"Once your order has been shipped, you will receive an email with your tracking and shipping information."}},"e986b138-1298-4608-b022-13e7aff4382e":{"type":"faq","settings":{"faq_title":"frequently Ask Question","faq_description":"Once your order has been shipped, you will receive an email with your tracking and shipping information."}}},"block_order":["e95906bf-765c-4c37-be56-ebb8ef8c3c58","232ea3ab-df1d-4021-88e2-2519c597e589","a5220930-cf30-42f7-b3cf-4cf2c84c18b9","e986b138-1298-4608-b022-13e7aff4382e"],"settings":{"section_enable":true,"section_title":"Shipping information"}},"cta":{"type":"call_to_action","settings":{"section_enable":true,"cta_title":"Call To Action Title","call_to_action_btn":"Contact Us","call_to_action_btn_link":"","justifyContentCenter":"between"}}},"order":["main","cta"]}