{"sections":{"form":{"type":"get_in_touch","blocks":{"bdfc6b15-f9b5-4e29-b1ce-f7a97fc51177":{"type":"section_padding","settings":{"section_padding_top":100,"section_padding_bottom":0,"section_padding_top_md":80,"section_padding_bottom_md":0,"section_padding_top_xs":80,"section_padding_bottom_xs":0}},"c04a6378-1a0d-4212-ab53-6daad9434b5b":{"type":"address","settings":{"address_icon":"location","address_title":"","address_content":"Indic Roots Private Limited\nJharsa Road, Near Haryana Gramin Bank,\nJharsa, Sector 39, Gurugram,\nHaryana - 122018","lg_banner_col":"4","md_banner_col":"4"}},"dbb665b7-f448-400e-b9d2-d633c5efc69f":{"type":"contact","settings":{"phone_icon":"ios-telephone","phone_title":"","phone_content":"+918929258401","email_icon":"ios-email","email_content":"Mail: info@organicroots.in"}},"c34124de-1ac0-4f58-a18a-41e77f35f34d":{"type":"special_note","settings":{"special_icon":"ios-clock-outline","special_titlex":"","special_content":"Monday – Sunday:\n24 hours"}}},"block_order":["bdfc6b15-f9b5-4e29-b1ce-f7a97fc51177","c04a6378-1a0d-4212-ab53-6daad9434b5b","dbb665b7-f448-400e-b9d2-d633c5efc69f","c34124de-1ac0-4f58-a18a-41e77f35f34d"],"settings":{"section_enable":true,"section_title_enable":true,"section_title":"Get in touch","information_title":"Our Information","information_content":"Our team is always available for you and happy to connect. You may reach us on the following contact details for any queries or trade collaboration. Your feedback is valuable to us and we would love to hear about it. Looking forward to hearing about your healthy experience with Organic Roots","name_placeholder":"Name *","email_placeholder":"Email *","subject_placeholder":"Subject *","message_placeholder":"Message *","form_button_name":"Submit"}},"main":{"type":"contact_details","blocks":{"2ace1b42-ec9a-4314-ad38-56ea72ee8a9d":{"type":"address","settings":{"address_icon":"location","address_title":"ADDRESS","address_content":"1800 Abbot Kinney Blvd. Unit D & E Venice","lg_banner_col":"4","md_banner_col":"4"}},"8259a50f-e10b-440b-80b8-e34f952198e4":{"type":"contact","settings":{"phone_icon":"ios-telephone","phone_title":"CONTACT","phone_content":"Mobile: (+88) – 1990 – 6886 <br> Hotline: 1800 – 1102","email_icon":"ios-email","email_content":"Mail: contact@bansstore.com","lg_banner_col":"4","md_banner_col":"4"}},"18fa8d9d-b77d-4af8-9581-85b8139316cf":{"type":"special_note","settings":{"special_icon":"ios-clock-outline","special_title":"Open Hoursv","special_content":"Monday to Friday 09:30 - 17:30 <br> Saturday & Sunday 10:00 - 15:00","lg_banner_col":"4","md_banner_col":"4"}}},"block_order":["2ace1b42-ec9a-4314-ad38-56ea72ee8a9d","8259a50f-e10b-440b-80b8-e34f952198e4","18fa8d9d-b77d-4af8-9581-85b8139316cf"],"disabled":true,"settings":{"section_enable":true,"section_title_enable":true,"section_subtitle":"SIMPLY OR WHITE","section_title":"Clever & unique ideas"}},"custom_html_Rz4zUH":{"type":"custom-html","blocks":{"section_padding_w4zDfq":{"type":"section_padding","settings":{"section_padding_top":0,"section_padding_bottom":100,"section_padding_top_md":0,"section_padding_bottom_md":80,"section_padding_top_xs":0,"section_padding_bottom_xs":60}}},"block_order":["section_padding_w4zDfq"],"settings":{"section_title":"","custom_html_content":"<iframe src=\"https:\/\/www.google.com\/maps\/embed?pb=!1m14!1m8!1m3!1d28063.816985793343!2d77.043912!3d28.450106!3m2!1i1024!2i768!4f13.1!3m3!1m2!1s0x390d1979046c09e3%3A0x177238572e8fe152!2sOrganic%20Roots!5e0!3m2!1sen!2sin!4v1716797927096!5m2!1sen!2sin\" width=\"100%\" height=\"450\" style=\"border:0;\" allowfullscreen=\"\" loading=\"lazy\" referrerpolicy=\"no-referrer-when-downgrade\"><\/iframe>"}}},"order":["form","main","custom_html_Rz4zUH"]}