{"sections":{"main":{"type":"about_section","blocks":{"2142e35f-4783-4d70-a4c6-626f3502d98d":{"type":"section_margin","settings":{"section_margin_top":100,"section_margin_bottom":45,"section_margin_top_md":60,"section_margin_bottom_md":0,"section_margin_top_xs":60,"section_margin_bottom_xs":0}}},"block_order":["2142e35f-4783-4d70-a4c6-626f3502d98d"],"settings":{"section_enable":true,"container_width":"container","section_title_enable":true,"section_title":"ABOUT BANS","section_subtitle":"Lorem ipsum dolor sit amet, consectetur adipiscing elit, sed do eiusmod tempor incididunt ut labore et dolore magna aliqua. Ut enim ad minim veniam, quis nostrud exercitation ullamco laboris nisi ut aliquip ex ea commodo consequat.","about_img":"shopify:\/\/shop_images\/p2-parallax-img-1.jpg","img_lg_col":"12","img_md_col":"12","about_description":"Lorem ipsum dolor sit amet, consectetur cing elit. Suspe ndisse suscipit sagittis leo sit estibulum issim Lorem ipsum dolor sit amet, consectetur cing elit. ipsum dolor sit amet, consectetur cing elit. Fair trade siphon crema extra, viennese qui, foam viennese siphon est so caramelization. Carajillo sit ut extra chicory aged instant crema chicory. Et, dark a cup, cortado, siphon at arabica flavour macchiato. Cream, at, acerbic redeye iced americano coffee white. To go et, steamed a café au lait, single origin aftertaste frappuccino blue mountain whipped. Suspe ndisse suscipit sagittis leo sit esFair trade siphon crema extra, viennese qui, foam viennese siphon est so caramelization. Carajillo sit ut extra chicory aged instant crema chicory. Et, dark a cup, cortado, siphon at arabica flavour macchiato.","content_xl_col":"12","content_offset_xl_col":"0","content_lg_col":"12","content_md_col":"12"}},"1627547012026739c7":{"type":"testmonial_section_2","blocks":{"1627547012026739c7-0":{"type":"single_testmonial","settings":{"testmonial_thumb":"shopify:\/\/shop_images\/our-team-3.jpg","testmonial_description":"There's nothing would satisfy me much more than a worry-free clean and responsive theme for my high-traffic site.","testmonial_name":"Jean Thompson","testmonial_designation":"\/ Café owner"}},"1627547012026739c7-1":{"type":"single_testmonial","settings":{"testmonial_thumb":"shopify:\/\/shop_images\/our-team-5.jpg","testmonial_description":"There's nothing would satisfy me much more than a worry-free clean and responsive theme for my high-traffic site.","testmonial_name":"Jean Thompson","testmonial_designation":"\/ Barista"}},"1627547012026739c7-2":{"type":"single_testmonial","disabled":true,"settings":{"testmonial_description":"There's nothing would satisfy me much more than a worry-free clean and responsive theme for my high-traffic site.","testmonial_name":"Willie Bradley","testmonial_designation":"\/ Reporter"}},"1627547012026739c7-3":{"type":"single_testmonial","disabled":true,"settings":{"testmonial_description":"There's nothing would satisfy me much more than a worry-free clean and responsive theme for my high-traffic site.","testmonial_name":"Willie Bradley","testmonial_designation":"\/ Reporter"}},"1627547012026739c7-4":{"type":"section_background","settings":{"section_bg_color":"#f5f5f5"}}},"block_order":["1627547012026739c7-0","1627547012026739c7-1","1627547012026739c7-2","1627547012026739c7-3","1627547012026739c7-4"],"settings":{"section_enable":true,"section_title_enable":false,"section_title":"Section Title","test_thumbnail_enable":true,"quotation_enable":true,"autoplay_true":false,"slider_arrow_enable":true,"slider_navigation_color":"#e7e7e7","slide_items_show":1,"items_more_than_1200":1,"items_more_than_992":1,"items_more_than_768":1,"items_more_than_480":1,"items_more_than_320":1}},"16275476165688e7c3":{"type":"content_block","disabled":true,"blocks":{"16275476165688e7c3-0":{"type":"single_content","settings":{"content_subtitle":"On at oders over $99","content_title":"Free shipping & return","content_description":"Lorem ipsum dolor sit amet, consectetur cing elit. Suspe ndisse suscipit sagittis leo sit met condimentum estibulum issim Lorem ipsum dolor sit amet, consectetur cing elit.","content_desc_btn":"LEARN MORE","content_desc_btn_link":""}},"16275476165688e7c3-1":{"type":"single_content","settings":{"content_subtitle":"On at oders over $99","content_title":"Free shipping & return","content_description":"Lorem ipsum dolor sit amet, consectetur cing elit. Suspe ndisse suscipit sagittis leo sit met condimentum estibulum issim Lorem ipsum dolor sit amet, consectetur cing elit.","content_desc_btn":"LEARN MORE","content_desc_btn_link":""}}},"block_order":["16275476165688e7c3-0","16275476165688e7c3-1"],"settings":{"section_enable":true,"container_width":"container"}},"16275469128b6101ab":{"type":"instagram_gallery","blocks":{"16275469128b6101ab-0":{"type":"single_gallery_item","settings":{"inst_gallery_item":"shopify:\/\/shop_images\/port-1-img-1.jpg","inst_gallery_item_link":""}},"16275469128b6101ab-1":{"type":"single_gallery_item","settings":{"inst_gallery_item":"shopify:\/\/shop_images\/port-1-img-3.jpg","inst_gallery_item_link":""}},"16275469128b6101ab-2":{"type":"single_gallery_item","settings":{"inst_gallery_item":"shopify:\/\/shop_images\/port-1-img-7.jpg","inst_gallery_item_link":""}},"16275469128b6101ab-3":{"type":"single_gallery_item","settings":{"inst_gallery_item":"shopify:\/\/shop_images\/port-1-img-2.jpg","inst_gallery_item_link":""}},"16275469128b6101ab-4":{"type":"single_gallery_item","settings":{"inst_gallery_item":"shopify:\/\/shop_images\/port-1-img-3.jpg","inst_gallery_item_link":""}},"16275469128b6101ab-5":{"type":"single_gallery_item","settings":{"inst_gallery_item":"shopify:\/\/shop_images\/port-1-img-3.jpg","inst_gallery_item_link":""}},"ee4620b2-d88a-4e5a-8de2-629c7a545550":{"type":"section_margin","settings":{"section_margin_top":0,"section_margin_bottom":90,"section_margin_top_md":0,"section_margin_bottom_md":70,"section_margin_top_xs":0,"section_margin_bottom_xs":55}}},"block_order":["16275469128b6101ab-0","16275469128b6101ab-1","16275469128b6101ab-2","16275469128b6101ab-3","16275469128b6101ab-4","16275469128b6101ab-5","ee4620b2-d88a-4e5a-8de2-629c7a545550"],"settings":{"instagram_feed":true,"container_width":"container","layout_mode":"slider","instafeed_type":"style1","section_title_enable":true,"section_title":"@bans_shop","section_title_link":"","section_subtitle":"Follow us on instagram","content_align":"right","item_Column":"5","item_md_Column":"4","item_sm_Column":"3","item_xs_Column":"2","autoplay_true":false,"slide_item_show":4,"tablet_slide_item_show":2,"large_mobile_item_show":2,"small_mobile_item_show":1,"small_xs_mobile_item_show":1}},"16275472164bfbc1f2":{"type":"video_section_2","disabled":true,"settings":{"section_enable":true,"container_width":"fluid","video_block_enable":true,"banner_video_url":"https:\/\/www.youtube.com\/watch?v=8uFEVF6aTR4","video_title":"OUR STORY"}}},"order":["main","1627547012026739c7","16275476165688e7c3","16275469128b6101ab","16275472164bfbc1f2"]}