{"sections":{"main":{"type":"brand_logo_2","blocks":{"914b2fc5-5ee2-41cd-96dc-b80d1ce83491":{"type":"single_brand_logo","settings":{"brand_link":""}},"8c815d0b-a911-4034-9a46-835308e61888":{"type":"single_brand_logo","settings":{"brand_link":""}},"d09f2171-3dcd-4066-a834-f1bce2fd1344":{"type":"single_brand_logo","settings":{"brand_link":""}},"1731ca0b-83a9-4005-9167-fa17cb718dc9":{"type":"single_brand_logo","settings":{"brand_link":""}},"2c1bc4c0-a691-4b54-bf26-5f360172cdfe":{"type":"single_brand_logo","settings":{"brand_link":""}},"25cfa754-17a8-4d50-8bff-c46915551223":{"type":"single_brand_logo","settings":{"brand_link":""}},"398d7a55-b496-4858-9684-1f469188853b":{"type":"single_brand_logo","settings":{"brand_link":""}}},"block_order":["914b2fc5-5ee2-41cd-96dc-b80d1ce83491","8c815d0b-a911-4034-9a46-835308e61888","d09f2171-3dcd-4066-a834-f1bce2fd1344","1731ca0b-83a9-4005-9167-fa17cb718dc9","2c1bc4c0-a691-4b54-bf26-5f360172cdfe","25cfa754-17a8-4d50-8bff-c46915551223","398d7a55-b496-4858-9684-1f469188853b"],"settings":{"section_enable":true,"container_width":"fluid","section_title_enable":true,"section_title":"Our Brands","autoplay_true":false,"slide_items_show":5,"items_more_than_1200":4,"items_more_than_992":3,"items_more_than_768":2,"items_more_than_480":2,"items_more_than_320":1}},"brand":{"type":"brand_AZ","settings":{}}},"order":["main","brand"]}