{"sections":{"main":{"type":"team_member","blocks":{"ed051f41-54ec-471c-b87d-b1e5e81a793e":{"type":"team_member","settings":{"team_type":"style1","member_title":"Name","member_designation":"Designation","member_social_enable":true,"social_icon_1":"facebook","social_icon_1_link":"\/","social_icon_2":"twitter","social_icon_2_link":"","social_icon_3":"linkedin","social_icon_3_link":"","lg_banner_col":"3","md_banner_col":"3"}},"d402fed2-4ce4-48b7-be0c-af6dfc396839":{"type":"team_member","settings":{"team_type":"style1","member_title":"Name","member_designation":"Designation","member_social_enable":true,"social_icon_1":"facebook","social_icon_1_link":"\/","social_icon_2":"twitter","social_icon_2_link":"","social_icon_3":"linkedin","social_icon_3_link":"","lg_banner_col":"3","md_banner_col":"3"}},"31d2f7f4-fb42-4b6d-a918-61848cca8a52":{"type":"team_member","settings":{"team_type":"style1","member_title":"Name","member_designation":"Designation","member_social_enable":true,"social_icon_1":"facebook","social_icon_1_link":"\/","social_icon_2":"twitter","social_icon_2_link":"","social_icon_3":"linkedin","social_icon_3_link":"","lg_banner_col":"3","md_banner_col":"3"}},"0ea88f10-fb7f-4130-a1fe-06b0921b9c91":{"type":"team_member","settings":{"team_type":"style1","member_title":"Name","member_designation":"Designation","member_social_enable":true,"social_icon_1":"facebook","social_icon_1_link":"\/","social_icon_2":"twitter","social_icon_2_link":"","social_icon_3":"linkedin","social_icon_3_link":"","lg_banner_col":"3","md_banner_col":"3"}},"0be93b9e-bb1b-4164-936a-d44d0ac0873f":{"type":"team_member","settings":{"team_type":"style2","member_title":"Name","member_designation":"Designation","member_social_enable":true,"social_icon_1":"facebook","social_icon_1_link":"\/","social_icon_2":"twitter","social_icon_2_link":"","social_icon_3":"linkedin","social_icon_3_link":"","lg_banner_col":"3","md_banner_col":"3"}},"a5b47c0d-f22f-42ac-87ca-796abf04a7df":{"type":"team_member","settings":{"team_type":"style2","member_title":"Name","member_designation":"Designation","member_social_enable":true,"social_icon_1":"facebook","social_icon_1_link":"\/","social_icon_2":"twitter","social_icon_2_link":"","social_icon_3":"linkedin","social_icon_3_link":"","lg_banner_col":"3","md_banner_col":"3"}},"89fe2176-0ee3-4307-a4d4-f6abbb8ddc01":{"type":"team_member","settings":{"team_type":"style2","member_title":"Name","member_designation":"Designation","member_social_enable":true,"social_icon_1":"facebook","social_icon_1_link":"\/","social_icon_2":"twitter","social_icon_2_link":"","social_icon_3":"linkedin","social_icon_3_link":"","lg_banner_col":"3","md_banner_col":"3"}},"3b0a0ba9-eea4-4b09-8702-f8374c24e082":{"type":"team_member","settings":{"team_type":"style2","member_title":"Name","member_designation":"Designation","member_social_enable":true,"social_icon_1":"facebook","social_icon_1_link":"\/","social_icon_2":"twitter","social_icon_2_link":"","social_icon_3":"linkedin","social_icon_3_link":"","lg_banner_col":"3","md_banner_col":"3"}}},"block_order":["ed051f41-54ec-471c-b87d-b1e5e81a793e","d402fed2-4ce4-48b7-be0c-af6dfc396839","31d2f7f4-fb42-4b6d-a918-61848cca8a52","0ea88f10-fb7f-4130-a1fe-06b0921b9c91","0be93b9e-bb1b-4164-936a-d44d0ac0873f","a5b47c0d-f22f-42ac-87ca-796abf04a7df","89fe2176-0ee3-4307-a4d4-f6abbb8ddc01","3b0a0ba9-eea4-4b09-8702-f8374c24e082"],"settings":{"container_width":"container","section_enable":true,"section_title_enable":true,"section_subtitle":"Subtitle","section_title":"Creative team"}},"cta":{"type":"call_to_action","settings":{"section_enable":true,"cta_title":"Call To Action Title","call_to_action_btn":"Contact Us","call_to_action_btn_link":"","justifyContentCenter":"between"}}},"order":["main","cta"]}