{"sections":{"main":{"type":"video_section","disabled":true,"settings":{"section_enable":true,"section_title_enable":true,"section_subtitle":"SIMPLY OR WHITE","section_title":"Clever & unique ideas","section_description":"Lorem ipsum dolor sit amet, consectetur cing elit. Suspe ndisse suscipit sagittis leo sit met","video_block_enable":true,"banner_video_url":"https:\/\/www.youtube.com\/watch?v=8uFEVF6aTR4","video_title":"OUR STORY","video_left_rotate_text":"BANS STORE","video_left_rotate_text_link":"","video_right_rotate_text":"BANS STORE","video_right_rotate_text_link":"","video_banner_bottom_content":true,"video_description_enable":true,"video_banner_text":"Lorem ipsum dolor sit amet, consectetur cing elit. Suspe ndisse suscipit sagittis leo sit estibulum issim Lorem ipsum dolor sit amet","video_description_btn":"Online Store","video_description_btn_link":"","address_enable":true,"address_title":"OADDRESS","address_content":"1800 Abbot Kinney Blvd. Unit D & E Venice","phone_title":"Phone","phone_content":"Mobile: (+88) – 1990","email_title":"EMAIL","email_content":"contact@bansstore.com"}},"testmonial":{"type":"testmonial_section","blocks":{"a30e3a25-8bdc-4fa4-99b5-8325083645c2":{"type":"single_testmonial","settings":{"testmonial_description":"There's nothing would satisfy me much more than a worry-free clean and responsive theme for my high-traffic site.","testmonial_name":"Willie Bradley","testmonial_designation":"\/ Reporter"}},"d4607ae5-f85e-45d7-9371-173d90faf1b2":{"type":"single_testmonial","settings":{"testmonial_description":"There's nothing would satisfy me much more than a worry-free clean and responsive theme for my high-traffic site.","testmonial_name":"Willie Bradley","testmonial_designation":"\/ Reporter"}},"1f241541-1189-4237-96b5-8ab6da903351":{"type":"single_testmonial","settings":{"testmonial_description":"There's nothing would satisfy me much more than a worry-free clean and responsive theme for my high-traffic site.","testmonial_name":"Willie Bradley","testmonial_designation":"\/ Reporter"}},"31c1bf4e-68ef-4398-bdf3-65ff25bfdb71":{"type":"single_testmonial","settings":{"testmonial_description":"There's nothing would satisfy me much more than a worry-free clean and responsive theme for my high-traffic site.","testmonial_name":"Willie Bradley","testmonial_designation":"\/ Reporter"}},"ea094eae-e008-4b23-8f69-7beb98c621a8":{"type":"section_background","settings":{"section_bg_color":"#f5f5f5"}}},"block_order":["a30e3a25-8bdc-4fa4-99b5-8325083645c2","d4607ae5-f85e-45d7-9371-173d90faf1b2","1f241541-1189-4237-96b5-8ab6da903351","31c1bf4e-68ef-4398-bdf3-65ff25bfdb71","ea094eae-e008-4b23-8f69-7beb98c621a8"],"settings":{"section_enable":true,"container_width":"container","section_title_enable":true,"section_title":"Section Title","text_align":"center","testmonial_design2":false,"arrow_icon_color":"#e7e7e7","section_seperator":false,"autoplay_true":false,"navigation_enable":true,"slide_items_show":3,"items_more_than_1200":3,"items_more_than_992":2,"items_more_than_768":1,"items_more_than_480":1,"items_more_than_320":1}},"brand":{"type":"brand","blocks":{"e8442e63-9141-47d2-a121-5c354b7b722f":{"type":"single_brand","settings":{"brand_link":""}},"9f1bc17b-8f02-4278-875f-8da170b1a878":{"type":"single_brand","settings":{"brand_link":""}},"9890ce37-30b1-46b4-9211-e703d2d5102e":{"type":"single_brand","settings":{"brand_link":""}},"08df3129-3ce3-4037-bdef-9860e9507872":{"type":"single_brand","settings":{"brand_link":""}},"0f9b3522-0963-4931-bb42-7d9fe6e2afa4":{"type":"single_brand","settings":{"brand_link":""}},"10d3948b-f766-48e0-889a-c68b9e42dd19":{"type":"single_brand","settings":{"brand_link":""}},"d1695f20-3c1c-4b27-b8ec-0437d222cbe7":{"type":"single_brand","settings":{"brand_link":""}},"81e99825-67e6-4001-ac05-0a7f6a69d6df":{"type":"single_brand","settings":{"brand_link":""}},"4225c8c0-1bd0-4100-a10d-40897d90d7b5":{"type":"single_brand","settings":{"brand_link":""}}},"block_order":["e8442e63-9141-47d2-a121-5c354b7b722f","9f1bc17b-8f02-4278-875f-8da170b1a878","9890ce37-30b1-46b4-9211-e703d2d5102e","08df3129-3ce3-4037-bdef-9860e9507872","0f9b3522-0963-4931-bb42-7d9fe6e2afa4","10d3948b-f766-48e0-889a-c68b9e42dd19","d1695f20-3c1c-4b27-b8ec-0437d222cbe7","81e99825-67e6-4001-ac05-0a7f6a69d6df","4225c8c0-1bd0-4100-a10d-40897d90d7b5"],"settings":{"section_enable":true,"container_width":"fluid","section_title_enable":true,"section_title":"Our Brands","autoplay_true":false,"slide_items_show":5,"items_more_than_1200":4,"items_more_than_992":3,"items_more_than_768":2,"items_more_than_480":2,"items_more_than_320":1}}},"order":["main","testmonial","brand"]}