{"sections":{"main":{"type":"icon_box","blocks":{"36c2da24-8ebd-43a9-b734-4610dc196bb5":{"type":"icon_box","settings":{"icon_box_type":"style1","icon_name":"ti-mobile","icon_box_title":"Title","icon_box_desc":"Icon Box Description","lg_banner_col":"4","md_banner_col":"4","icon_color":"#cccccc","title_color":"#222222","content_color":"#878787","icon_box_bg_color":"#EDF6EB"}},"e4a0210f-aef4-442e-be1e-de0c66748723":{"type":"icon_box","settings":{"icon_box_type":"style1","icon_name":"ti-mobile","icon_box_title":"Title","icon_box_desc":"Icon Box Description","lg_banner_col":"4","md_banner_col":"4","icon_color":"#cccccc","title_color":"#222222","content_color":"#878787","icon_box_bg_color":"#EDF6EB"}},"610c8a77-da10-44ca-a6ae-7bdacb9e0b7f":{"type":"icon_box","settings":{"icon_box_type":"style1","icon_name":"ti-mobile","icon_box_title":"Title","icon_box_desc":"Icon Box Description","lg_banner_col":"4","md_banner_col":"4","icon_color":"#cccccc","title_color":"#222222","content_color":"#878787","icon_box_bg_color":"#EDF6EB"}},"cbc28821-1491-4aa8-8fd3-d032122e292e":{"type":"section_margin","settings":{"section_margin_top":0,"section_margin_bottom":0,"section_margin_top_md":0,"section_margin_bottom_md":0,"section_margin_top_xs":0,"section_margin_bottom_xs":0}}},"block_order":["36c2da24-8ebd-43a9-b734-4610dc196bb5","e4a0210f-aef4-442e-be1e-de0c66748723","610c8a77-da10-44ca-a6ae-7bdacb9e0b7f","cbc28821-1491-4aa8-8fd3-d032122e292e"],"settings":{"section_enable":true,"container_width":"fluid","no_gutters":false,"team_margin_top":30,"team_margin_bottom":30,"team_margin_top_md":30,"team_margin_bottom_md":30,"team_margin_top_xs":30,"team_margin_bottom_xs":30}},"1627707605a721beb0":{"type":"icon_box","blocks":{"1627707605a721beb0-0":{"type":"icon_box","settings":{"icon_box_type":"style3","icon_name":"ti-mobile","icon_box_title":"Title","icon_box_desc":"Icon Box Description","lg_banner_col":"4","md_banner_col":"4","icon_color":"#ddb759","title_color":"#222222","content_color":"#878787","icon_box_bg_color":"#f8f5de"}},"1627707605a721beb0-1":{"type":"icon_box","settings":{"icon_box_type":"style3","icon_name":"ti-mobile","icon_box_title":"Title","icon_box_desc":"Icon Box Description","lg_banner_col":"4","md_banner_col":"4","icon_color":"#a3d39c","title_color":"#222222","content_color":"#878787","icon_box_bg_color":"#EDF6EB"}},"1627707605a721beb0-2":{"type":"icon_box","settings":{"icon_box_type":"style3","icon_name":"ti-mobile","icon_box_title":"Title","icon_box_desc":"Icon Box Description","lg_banner_col":"4","md_banner_col":"4","icon_color":"#7eb7e6","title_color":"#222222","content_color":"#878787","icon_box_bg_color":"#ecf4fb"}},"a4fc142a-1b74-4127-a8e1-578b26fee0d0":{"type":"section_margin","settings":{"section_margin_top":0,"section_margin_bottom":0,"section_margin_top_md":0,"section_margin_bottom_md":0,"section_margin_top_xs":0,"section_margin_bottom_xs":0}}},"block_order":["1627707605a721beb0-0","1627707605a721beb0-1","1627707605a721beb0-2","a4fc142a-1b74-4127-a8e1-578b26fee0d0"],"settings":{"section_enable":true,"container_width":"fluid","no_gutters":true,"team_margin_top":30,"team_margin_bottom":30,"team_margin_top_md":30,"team_margin_bottom_md":30,"team_margin_top_xs":30,"team_margin_bottom_xs":30}},"1627707539e90dc8bf":{"type":"icon_box","blocks":{"1627707539e90dc8bf-0":{"type":"icon_box","settings":{"icon_box_type":"style2","icon_name":"ti-mobile","icon_box_title":"Title","icon_box_desc":"Icon Box Description","lg_banner_col":"4","md_banner_col":"4","icon_color":"#cccccc","title_color":"#222222","content_color":"#878787","icon_box_bg_color":"#EDF6EB"}},"1627707539e90dc8bf-1":{"type":"icon_box","settings":{"icon_box_type":"style2","icon_name":"ti-mobile","icon_box_title":"Title","icon_box_desc":"Icon Box Description","lg_banner_col":"4","md_banner_col":"4","icon_color":"#cccccc","title_color":"#222222","content_color":"#878787","icon_box_bg_color":"#EDF6EB"}},"1627707539e90dc8bf-2":{"type":"icon_box","settings":{"icon_box_type":"style2","icon_name":"ti-mobile","icon_box_title":"Title","icon_box_desc":"Icon Box Description","lg_banner_col":"4","md_banner_col":"4","icon_color":"#cccccc","title_color":"#222222","content_color":"#878787","icon_box_bg_color":"#EDF6EB"}},"f0e12752-e5df-4aac-860d-345a95ccd916":{"type":"section_margin","settings":{"section_margin_top":0,"section_margin_bottom":0,"section_margin_top_md":0,"section_margin_bottom_md":0,"section_margin_top_xs":0,"section_margin_bottom_xs":0}}},"block_order":["1627707539e90dc8bf-0","1627707539e90dc8bf-1","1627707539e90dc8bf-2","f0e12752-e5df-4aac-860d-345a95ccd916"],"settings":{"section_enable":true,"container_width":"fluid","no_gutters":false,"team_margin_top":30,"team_margin_bottom":30,"team_margin_top_md":30,"team_margin_bottom_md":30,"team_margin_top_xs":30,"team_margin_bottom_xs":30}},"cta":{"type":"call_to_action","settings":{"section_enable":true,"cta_title":"Call To Action Title","call_to_action_btn":"Contact Us","call_to_action_btn_link":"","justifyContentCenter":"between"}}},"order":["main","1627707605a721beb0","1627707539e90dc8bf","cta"]}