{"sections":{"main":{"type":"product-template","blocks":{"d248a88f-9b1d-4f49-bed4-a58fd9f8bc60":{"type":"title","settings":{}},"209495f2-3655-490b-9565-96b149ee969c":{"type":"review","settings":{}},"e2756cd9-3b9a-460a-a572-b4fe02e9c3d6":{"type":"stock_availability","disabled":true,"settings":{"varinat_inventory_stock_title":"Availability:"}},"77b0e3d9-8343-4725-ae03-5410a2f7c085":{"type":"price","settings":{"save_discount_text":"Save"}},"839d94d5-9d8a-4e6e-92c0-6d600fe45472":{"type":"description","disabled":true,"settings":{"productdesc":"shortdesc","truncatewords_count_handle":35}},"c69c9424-69bb-4a42-b776-fed14ea5edd4":{"type":"additonal_info","disabled":true,"settings":{"size_guide_enable":true,"size_guide":"Size Guide","product_size_gudie":"metafield","sizeguidhandle":"","shipping_guide_enable":true,"shipping_guide":"Shipping","product_shipping_policy":"global","shipping_page_handle":"","ask_product_enable":true,"ask_about_product":"Ask About This product","ask_about_prod_title":"Have a question?","send_btn_text":"Send","name_placeholder":"Name *","email_placeholder":"Email *","phone_placeholder":"Phone *","prod_url_placeholder":"Reference URL *","body_placholder":"Write Message *"}},"c1396347-0781-4723-a598-d8c311f6e9f1":{"type":"countdown","disabled":true,"settings":{}},"4d8c1fee-a62b-492d-965b-01811fd7acd8":{"type":"variant_picker","settings":{"product_variant_handle":"product_variant_swatch_option","show_variant_image":true}},"0ef9c24b-ca40-473f-8ac9-47036d6788c5":{"type":"quantity_buy_button","settings":{"quantity_enable":true,"p_atc_enable":true,"wishlist_enable_product":false,"dynamic_checkout_button_enable":false,"check_term_condtion":true,"check_term_text":"I agree with the terms and conditions","custom_dynamic_btn_color":true,"buy_btn_bg_color":"#ecd265","buy_btn_hover_text_color":"#333333","buy_btn_hover_bg_color":"#ecd265","buy_btn_text_color":"#000000"}},"397a1eef-31a0-4a93-a69b-865f19116f04":{"type":"guaranteed_safe_checkout","disabled":true,"settings":{"payment_option_enable":true,"payment_information":"<p>Guaranteed safe checkout<\/p>","payment_icon_enable":true}},"e8330016-4966-49b5-96e9-82bd8b20f3d4":{"type":"social_sku_barcode","disabled":true,"settings":{"product_sku_enable":true,"product_sku_title":"SKU:","product_barcode_enable":true,"barcode_label":"Barcode:","product_vendor_enable":false,"vendor_title":"Vendor:","product_type_enable":false,"type_title":"Type:","social_share_enable":true,"social_share_title":"Share:"}}},"block_order":["d248a88f-9b1d-4f49-bed4-a58fd9f8bc60","209495f2-3655-490b-9565-96b149ee969c","e2756cd9-3b9a-460a-a572-b4fe02e9c3d6","77b0e3d9-8343-4725-ae03-5410a2f7c085","839d94d5-9d8a-4e6e-92c0-6d600fe45472","c69c9424-69bb-4a42-b776-fed14ea5edd4","c1396347-0781-4723-a598-d8c311f6e9f1","4d8c1fee-a62b-492d-965b-01811fd7acd8","0ef9c24b-ca40-473f-8ac9-47036d6788c5","397a1eef-31a0-4a93-a69b-865f19116f04","e8330016-4966-49b5-96e9-82bd8b20f3d4"],"settings":{"container_width":"container","product_thumnail_type":"horizontal_mode","vertical_mb_gallery":false,"ar_3d_enable":true,"model_ar":"text","ar_3d_text":"View In Your Space","product_zoom_enable":true,"product_popup_enable":true,"popup_tooltip_content":"Click to enlarge","product_navigation_enable":true,"prev_next":"with_image","sticky_product_enable":true,"back_to_stock_notify":true,"notify_btn_text":"Notify Me","notify_primary_title":"when this product is available","notify_popup_title":"Notified by email when this product becomes available","notify_btn_submit":"Notify when available","notify_email_placeholder":"Enter you mail..","notify_email_first_text":"Please notify me when","notify_email_second_text":"becomes available"}},"single-product-tab":{"type":"single-product-tab","blocks":{"14fd9e92-eae6-4d39-8731-d8a4bfef5fb0":{"type":"product_description","settings":{"tab_title":"Description"}},"97ac7d65-ac35-4731-8089-703d9c51dd27":{"type":"custom_global_tab","settings":{"tab_title":"How to Prepare","custom_tab_content":"","custom_tab_content_liq":"{{ product.metafields.custom.prepare }}\n<div style=\"padding:10px 0px;\"><\/div>\n{{ product.metafields.custom.video_for_prepare_tab }}","custom_tab_handle":""}},"custom_global_tab_kfE8kG":{"type":"custom_global_tab","settings":{"tab_title":"Benefits","custom_tab_content":"","custom_tab_content_liq":"{{ product.metafields.custom.benefits}}","custom_tab_handle":""}},"custom_global_tab_UdgxER":{"type":"custom_global_tab","settings":{"tab_title":"Source","custom_tab_content":"<b>Manufactured & Marketed –<\/b><br>\nIndic Roots Pvt. Ltd.<br>\n770, Jharsa Road, Adjacent Sarva Haryana Gramin Bank<br>\nSector 39, Gurgaon, Haryana – 122003\n<br>\n<b>Country of Origin –<br><\/b>\nIndia","custom_tab_content_liq":"Custom Tab Content","custom_tab_handle":""}},"494b124e-a467-4931-8c5b-aec69ae681e7":{"type":"product_review","settings":{"tab_title":"Reviews"}},"custom_global_tab_RyKQDY":{"type":"custom_global_tab","settings":{"tab_title":"Custom Tab","custom_tab_content":"Custom Tab Content","custom_tab_content_liq":"Custom Tab Content","custom_tab_handle":""}}},"block_order":["14fd9e92-eae6-4d39-8731-d8a4bfef5fb0","97ac7d65-ac35-4731-8089-703d9c51dd27","custom_global_tab_kfE8kG","custom_global_tab_UdgxER","494b124e-a467-4931-8c5b-aec69ae681e7","custom_global_tab_RyKQDY"],"settings":{"product_tab_enable":true,"container_width":"container"}},"related-product":{"type":"related-product","settings":{"related_products_enable":true,"container_width":"container","section_title":"Related Products","related_product_limit_handle":4,"autoplay_true":false,"slide_items_show":4,"items_more_than_1200":3,"items_more_than_992":1,"items_more_than_768":1,"items_more_than_480":1,"items_more_than_320":1}},"product-recommendations":{"type":"custom_product_carousel","disabled":true,"settings":{"custom_carousel_product_enable":true,"container_width":"container","section_title_enable":true,"section_title":"Recommended Product","section_title_size":"title--large","section_title_paragraph":"","text_align":"center","product_cat_handle_id":"new","product_limit_handle":8,"product_style":"style1","autoplay_true":false,"navigation_enable":false,"arrows_color":"#e7e7e7","pagination_enable":false,"md_pagination_enable":false,"xs_pagination_enable":false,"slide_items_show":4,"items_more_than_1200":4,"items_more_than_992":3,"items_more_than_768":2,"items_more_than_480":2,"items_more_than_320":1}},"recent-viewed-product":{"type":"recent_viewed_product","disabled":true,"settings":{"recent_viewed_product":true,"recently_viewed_products_title":"Recently Viewed Products","number_of_recently_viewed_products":"50"}}},"order":["main","single-product-tab","related-product","product-recommendations","recent-viewed-product"]}