{"current":{"header_type":"default","footer_style":"footer-custom","box_layout_enable":false,"box_offset":"300","box_bg_img":"","box_bg_color":"#ffffff","scroll_to_top":true,"bans_snow_effect":false,"snow_img_1":"","snow_img_2":"","snow_img_3":"","favicon":"shopify:\/\/shop_images\/indic-roots.png","currency_enable":false,"supported_currencies":"USD, USD - US Dollar | EUR, EUR - Euro | GBP, GBP - British Pound | INR, INR - Indian Rupee | BDT, BDT - Bangladesh Taka | JPY, JPY - Japan Yen | CAD, CAD - Canada Dollar | AUD, AUD - Australian Dollar","agree_button_enable":false,"predictive_search_enabled":false,"predictive_search_show_vendor":false,"predictive_search_show_price":true,"pagination_prev":"Prev","pagination_next":"Next","enable_preloader":false,"preloader_style":"Style_8","preloader_bg":"#ffffff","preloader_color":"#98d8ca","preloader_border_color":"#ffffff","preloader_border_width":5,"custom_css":"","custom_script":"","rtl_enable":false,"body_top_slider":false,"product_dual_thumb_enable":false,"prod_title_enable":true,"prodtitleword":10,"hover_fixed_content":true,"mobile_Hover_Content":false,"product_content_align":"center","countdown_timer_enable":false,"product_variants_show":true,"new_title":"New","sale_title":"","soldout_title":"Soldout","sale_percent_enable":true,"product_cart_action_enable":false,"cart_button_title":"Add to cart","select_options":"Select Options","affiliate_cart_button_title":"Buy from amazon","soldout_button_title":"Soldout","product_cart_type":"ajax_popup_cart","wait_title":"Wait..","added_title":"Added","unavailable_title":"Uavailable","successfull_note":"Product Successfully Added To Your Shoping Cart","checkout_button2":"Checkout","popup_agree_button_enable":true,"agree_button_text":"I agree with the terms and conditions","view_cart_button2":"View Cart","continue_shopping":"Continue Shopping","total_price_label":"Total Price:","total_cart_before_title":"There are","total_cart_after_title":"Items In Your Cart.","product_quickview_enalbe":false,"quickview_product_variant_enable":true,"product_quick_view_title":"Quick View","qcv_add_to_cart_text":"Add to cart","qcv_cart_added_text":"Added","qcv_cart_error_text":"Limit Products","qcv_cart_wait_text":"Wait..","social_share_enable":true,"product_share_title":"Social Share","product_wishlist_enable":false,"add_to_wishlist_tittle":"Add To Wishlist","remove_from_wishlist_tittle":"Remove From Wishlist","product_compare_enable":false,"compare_product_title":"Compare","topbar_notification_enable":false,"topbar_notification":"topbar_in_index","notification_snow_effect":false,"notification_text":"All featured product 50% off","notification_button_name":"Shop Now","notification_button_url":"shopify:\/\/collections","notification_bg_image":"","notification_text_color":"#000000","topbar_color_1":"#f7be67","topbar_color_2":"#f7be67","notify_overlay_enable":false,"notification_overlay_color":"#000000","notification_overlay_opacity":0,"notificaction_button_bg_color":"#000000","notificaction_button_border_color":"#000000","notificaction_button_color":"#f7be67","notificaction_button_hover_bg_color":"#ff9a00","notificaction_button_hover_border_color":"#000000","notificaction_button_hover_color":"#000000","notificaction_close_button_bg_color":"","notificaction_close_button_border_color":"rgba(0,0,0,0)","notificaction_close_button_color":"#000000","notificaction_close_button_hover_bg_color":"rgba(0,0,0,0)","notificaction_close_button_hover_border_color":"rgba(0,0,0,0)","notificaction_close_button_hover_color":"#000000","newsletter_action":"https:\\\/\\\/devitems.us11.list-manage.com\\\/subscribe\\\/post?u=6bbb9b6f5827bd842d9640c82&amp;id=05d85f18ef","newsletter_popup_enable":false,"one_day_popup_enable":false,"newsletter_system":"by_shopify_form","newsletter_style_handle":"newsletter_style_1","newsletter_Show":"768","newsletter_bg_img":"","newletter_popup_title":"Hello,  <strong>Sign up <\/strong> & <br>\n<strong>connect <\/strong> to Bans.","newsletter_text":"*Join over 1,000 people who get free and fresh content delivered automatically each time we publish","newsletter_button_name":"Subscribe","dont_show_again_enable":false,"dont_show_again_text":"Don't show this again","newsletter_box_color":"#ffffff","newsletter_overlay_color":"rgba(0,0,0,0)","newsletter_overlay_opacicty":0.8,"popup_newsletter_title_color":"#000000","popup_newsletter_description_color":"#666666","input_fild_color":"#333333","input_border_color":"#cccccc","newsletter_button_bg_color":"#000000","newsletter_button_color":"#333333","newsletter_button_hover_bg_color":"#666666","newsletter_button_hover_color":"#333333","dont_show_title_color":"#000000","close_icon_color":"#999999","google_fonts_import":"@import url('https:\/\/fonts.googleapis.com\/css2?family=Josefin+Sans:ital,wght@0,100..700;1,100..700&family=Lato:ital,wght@0,100;0,300;0,400;0,700;0,900;1,100;1,300;1,400;1,700;1,900&display=swap');","body_text_font":"google_fonts","body_font_handle":"lato_n4","body_font_family":"","body_font_weight":"400","body_font_style":"normal","heading_text_font":"google_fonts","header_font_handle":"lato_n4","heading_family":"","heading_weight":"400","heading_style":"normal","paragraph_text_font":"shopify_library","paragraph_font_handle":"lato_n4","paragraph_family":"","paragraph_weight":"400","paragraph_style":"normal","dark_version_enable":false,"body_color":"#000000","body_bg_color":"#ffffff","theme_heading_color":"#333","color_primary":"#ed8732","theme_secondary_color":"#98d8ca","product_title_color":"#000000","product_add_to_cart_color":"#ed8732","product_price_color":"#e44262","product_old_price_color":"#000000","pro_badge":"#efe5c4","pro_text_badge":"#ed8732","button_bg_color":"#ed8732","button_color":"#fff","button_border_color":"#ed8732","button_hover_bg_color":"#de7a27","button_hover_color":"#ffffff","button_hover_border_color":"#de7a27","red_button_bg_color":"#ed8732","red_button_hover_bg_color":"#de7a27","scrolltop_bg_color":"#333","scrolltop_color":"#fff","scrolltop_hover_bg_color":"#abb8c0","scrolltop_hover_color":"#fff","breadcrumb_banner_enable":true,"breadcrumb_banner_image":"","page_title_enable":false,"breadcrumb_enable":true,"collection_page_title_bar":false,"collection_img_enable":false,"collection_page_title":false,"breadcrumb_enable_from_collection":false,"text_align":"left","breadcrumb_banner_bg":"#ed8732","breadcrumb_banner_overlay_color":"#ed8732","breadcrumb_banner_opacity":0,"breadcurmb_title_color":"#ffffff","breadcurmb_page_title_color":"#ffffff","active_breadcurmb_page_title_color":"#ffffff","breadcrumb_padding_top":20,"breadcrumb_padding_bottom":20,"breadcrumb_padding_top_xs":20,"breadcrumb_padding_bottom_xs":30,"social_icon_1_name":"ion-social-twitter","social_icon_1_link":"#","social_icon_2_name":"ion-social-instagram","social_icon_2_link":"#","social_icon_3_name":"ion-social-linkedin","social_icon_3_link":"#","social_icon_4_name":"ion-social-youtube","social_icon_4_link":"#","social_icon_5_name":"ion-social-facebook","social_icon_5_link":"#","social_icon_6_name":"","social_icon_6_link":"","social_icon_7_name":"","social_icon_7_link":"","wishlist_enable":true,"add_wishlit_title":"Add to wishlist","loading_wishlist":"Loading..","remove_wishlit_title":"Remove From wishlist","go_to_wishlit_title":"Go to wishlist","wishlist_empty_title":"Your wishlist is currently empty!","login_request_title":"Please login your account","login_sub_text":"Please login using account detail bellow.","register_sub_text":"Please Register using account detail bellow.","customer_logout_title":"Logout","custom_page_padding_top":100,"custom_page_padding_bottom":80,"custom_page_padding_top_xs":80,"custom_page_padding_bottom_xs":60,"customer_page_padding_top":100,"customer_page_padding_bottom":100,"customer_page_padding_top_xs":80,"customer_page_padding_bottom_xs":80,"checkout_header_image":"","checkout_logo_image":"","checkout_logo_position":"left","checkout_logo_size":"medium","checkout_body_background_image":"","checkout_body_background_color":"#fff","checkout_input_background_color_mode":"white","checkout_sidebar_background_image":"","checkout_sidebar_background_color":"#fafafa","checkout_heading_font":"-apple-system, BlinkMacSystemFont, 'Segoe UI', Roboto, Helvetica, Arial, sans-serif, 'Apple Color Emoji', 'Segoe UI Emoji', 'Segoe UI Symbol'","checkout_body_font":"-apple-system, BlinkMacSystemFont, 'Segoe UI', Roboto, Helvetica, Arial, sans-serif, 'Apple Color Emoji', 'Segoe UI Emoji', 'Segoe UI Symbol'","checkout_accent_color":"#000000","checkout_button_color":"#000000","checkout_error_color":"#e32c2b","ajax_search_enable":true,"heading_enable":true,"password_logo":"","comming_soon_title":"We are coming verry soon...","comming_soon_content":"Lorem Ipsum is simply dummy text of the printing and typesetting industry. Lorem Ipsum has been the industry's standard dummy text","countdown_enable":true,"countdown_style_handle":"countdown_style_1","opening_date":"2019-05-01","password_newsletter_system":"by_shopify_form","subscribe_field_enable":true,"subscribe_title":"Subscribe for our next update","email_placeholder_title":"Enter your e-mial","subscribe_button_title":"Subscribe","store_password_enable":true,"password_placeholder_title":"Enter store using password","password_action_field_enable":true,"full_page_bg_image":"","gradiant_bg_color_1":"#2bdb74","gradiant_bg_color_2":"#e8342d","password_overlay_color":"#000000","password_overlay_color_opacity":0.3,"error_page_style":"style2","opps_404":"shopify:\/\/shop_images\/404-bg.jpg","heading_404":"Oops!","sub_text_404":"Page not found!","button_title":"homepage","return_page_title":"PLEASE GO BACK TO","button_url":"\/","section_json":true,"section_json_url":"https:\/\/cdn.shopify.com\/s\/files\/1\/0030\/8799\/0829\/files\/bans_section.js?v=1586481438","email_placeholder":"Your email address","button_name":"Subscribe","product_square":"default","recent_viewed_product":true,"typography_enable":true,"footer_script":"","google_analytic_enable":false,"google_tracking_id":"UA-91020528-1","recent_post_title":"Recent Post","recent_post_limit_handle":"3","archive_title":"Archive","blog_tags_title":"Tags","blog_tags_list_limit_handle":"15","categories_title":"Categories","categories_list_limit_hanlde":"5","vendors_title":"Vendors","vendors_list_limit_hanlde":"5","types_title":"Products Types","types_list_limit_hanlde":"5","color_title":"Color","color_picker":"red, green, blue, yellow, white, gold, gray, magenta, maroon, navy, purple, violet, black, pink, orange, silver,","colors_list_limit_hanlde":"10","size_title":"Size","size_picker":"s, m, l, xl, xxl,","size_list_limit_hanlde":"5","tags_title":"Tags","tags_list_limit_hanlde":"15","sinpets_call":"search-bar","custom_page_margin_top":"100","custom_page_margin_bottom":"100","section_margin_top_xs":"70","section_margin_bottom_xs":"70","h_social_icon_1_name":"twitter","h_social_icon_2_name":"instagram","h_social_icon_3_name":"google-plus","h_social_icon_4_name":"linkedin","h_social_icon_5_name":"pinterest","h_social_icon_6_name":"","h_social_icon_7_name":"","notification_overlay_rgb_colo":"#000000","notification_overlay_rgb_color":"0, 0, 0","product_quickview_description_enable":true,"paragraph_font":"raleway_n4","body_font":"alfie_n4","type_header_font":"abril_fatface_n4","heading_font":"alfie_n4","breadcrumb_banner_image_enable":false,"newsletter_img":"","cart_notes_enable":true,"cart_vendor_enable":false,"ajax_cart_method":"drawer","logo_use_image":false,"logo_max_width":"450","favicon_enable":false,"show_multiple_currencies":true,"currency_format":"money_with_currency_format","default_currency":"USD","color_body_bg":"#fff","color_body_text":"#333333","color_borders":"#e5e5e5","color_footer_bg":"#f2f2f2","color_footer_social_link":"#bbbbbb","color_footer_text":"#636363","color_secondary":"#bbb","footer_newsletter_enable":true,"footer_social_enable":true,"social_facebook_link":"","social_twitter_link":"","sections":{"header":{"type":"header","blocks":{"1561896284832":{"type":"megamenu","disabled":true,"settings":{"mega_title":"Shop","mege_level_2":"Executive bag","level3_menu":"","mege_level_2_set2":"","level3_menu_2":"","mege_level_2_set3":"","level3_menu_3":"","megamenu_gallery":false,"megamenu_gallery_type":"product","mega_banner_title1":"Sale","mega_banner_title2":"50% Off","mega_banner_content":"Sales promotion <br> your sales.","mega_banner_btn":"shop now!","mega_cat_banner_link":"shopify:\/\/collections\/all","banner_title1":"#333333","banner_title2":"#333333","description_color":"#333333","banner_btn_color":"#333333","menu_product_title":"","menu_product_cat_handle_id":"popular-product","product_menu_titie_color":"#333333","product_title_trim":4,"product_title_color":"#333333","product_price_color":"#333333","product_old_price_color":"#aaaaaa","arrow_btn_bg_color":"#ffffff","arrow_btn_color":"#333333"}},"1562411841132":{"type":"megamenu","disabled":true,"settings":{"mega_title":"WOMEN <span class=\"sale\">SALE <\/span>","mege_level_2":"","level3_menu":"","mege_level_2_set2":"","level3_menu_2":"","mege_level_2_set3":"","level3_menu_3":"","megamenu_gallery":true,"megamenu_gallery_type":"product","mega_banner_title1":"Sale","mega_banner_title2":"50%","mega_banner_content":"Lorem Ipsum Dolor","mega_banner_btn":"sho9 now!","mega_cat_banner_link":"\/","banner_title1":"#ffffff","banner_title2":"#ffffff","description_color":"#ffffff","banner_btn_color":"#ffffff","menu_product_title":"","menu_product_cat_handle_id":"","product_menu_titie_color":"#333333","product_title_trim":3,"product_title_color":"#333333","product_price_color":"#333333","product_old_price_color":"#aaaaaa","arrow_btn_bg_color":"#ffffff","arrow_btn_color":"#333333"}},"1561954961506":{"type":"submenu","disabled":true,"settings":{"submenu_title":"Blog","multi_level_4":"","multi_level4_menu":"","multi_level_4_2":"","multi_level4_menu_2":"","multi_level_4_3":"","multi_level4_menu_3":"","multi_level_4_4":"","multi_level4_menu_4":"","multi_level_4_5":"","multi_level4_menu_5":""}},"1561955543296":{"type":"dropdown","disabled":true,"settings":{"dropdown_title":"Home"}},"1589018495662":{"type":"dropdown","settings":{"dropdown_title":"Shop"}}},"block_order":["1561896284832","1562411841132","1561954961506","1561955543296","1589018495662"],"settings":{"container_width":"container","header_top_enable":false,"logo":"shopify:\/\/shop_images\/indic-roots.png","sticky_logo":"shopify:\/\/shop_images\/indic-roots.png","logo_width":300,"ratina_logo_enable":true,"header_transparent":false,"header_sticky_enable":true,"menu":"main-menu","menu_enable":true,"header_right_info":true,"search_bar_enable":true,"account_icon":true,"wishlist_enable":false,"mini_cart_enable":true,"welcome_text_msg":"Order Online Call Us","welcome_text_phone_number":"(0123) 456789","phone_number_link":"#","gtranslate_enable":false,"dropdown_menu_enable":false,"topbar_right_info_title":"Purchase Now","header_right_menu":"","shopping_cart_title":"Shopping Cart","checkout_title":"Checkout","social_media_enable":true,"mini_cart_title":"Cart","mini_cart_total_title":"Total:","cart_btn_enable":true,"view_cart_title":"View Cart","checkout_btn_enable":false,"mini_cart_checkout_title":"Checkout","agree_button_enable":false,"agree_button_text":"I agree with the terms and conditions","mobile_menu":"offcanvas","mobile_search_field_enable":true,"mobile_social_midea_enable":true}},"footer":{"type":"footer","blocks":{"1547873947393":{"type":"copyright_logo","settings":{"logo":"shopify:\/\/shop_images\/logo_b.png","copy_right_text":"<p>Copyright © Bans Shopify <\/p><p>All Right Reserved.<\/p>"}},"1547875546706":{"type":"widget_menu","settings":{"footer_widget_title":"ABOUT","footer_menu_handle":"footer"}},"1547875878973":{"type":"widget_menu","settings":{"footer_widget_title":"USEFUL LINKS","footer_menu_handle":"footer"}},"1547875568591":{"type":"social_icon","settings":{"footer_widget_title":"FOLLOW US ON","social_icon_1_name":"ion-social-twitter","social_icon_1_title":"Twitter","social_icon_1_link":"#","social_icon_2_name":"ion-social-instagram","social_icon_2_title":"instagram","social_icon_2_link":"#","social_icon_3_name":"","social_icon_3_title":"","social_icon_3_link":"#","social_icon_4_name":"ion-social-linkedin","social_icon_4_title":"Linkedin","social_icon_4_link":"#","social_icon_5_name":"","social_icon_5_title":"","social_icon_5_link":"#"}},"1547875914633":{"type":"newsletter","settings":{"newsletter_title":"Subscribe.","newsletter_system":"by_shopify_form","newsletter_description":"Subscribe to our newsletter to receive news on update.","newsletter_input_placeholder":"Your email address."}}},"block_order":["1547873947393","1547875546706","1547875878973","1547875568591","1547875914633"],"settings":{"container_width":"fluid","footer_section_enable":true,"footer_overlay":false,"footer_overlay_color":"#000000","footer_overlay_opacity":0.5,"section_snow_effect":false}},"collection-template":{"type":"collection-template","blocks":{"1538820479755":{"type":"category","settings":{"widget_title":"Categories","categories_list_limit_hanlde":5}},"1541679836730":{"type":"banner","settings":{"widget_title":"Banner","banner_image":"","banner_image_url":"shopify:\/\/collections"}}},"block_order":["1538820479755","1541679836730"],"settings":{"container_width":"container","shopbar_enable":true,"show_ajax_paginate":true,"ajax_show_title_handle":"Show | per page","filter_btn_text":"Filters","tab_bar_enable":true,"showing_product_counter_enable":true,"showing_title_handle":"Showing | of | result","shop_page_title_image_enable":false,"custom_collection_banner":"each_collection_automate","shop_page_title_image":"","products_limit_handle":9,"deault_active_grid_column":"4","product_column_md":"4","product_column_xs":"6","product_style":"style1"}},"product-template":{"type":"product-template","settings":{"container_width":"container","product_thumnail_type":"horizontal_mode","product_zoom_enable":true,"product_popup_enable":true,"product_navigation_enable":true,"prev_next":"with_image"}},"related-product":{"type":"related-product","settings":{"related_products_enable":true,"container_width":"container","section_title":"Related Product","related_product_limit_handle":10,"autoplay_true":false,"slide_items_show":4,"items_more_than_1200":3,"items_more_than_992":2,"items_more_than_768":2,"items_more_than_480":2,"items_more_than_320":1}},"single-product-tab":{"type":"single-product-tab","settings":{"product_tab_enable":true,"container_width":"container"}},"blog-template":{"type":"blog-template","blocks":{"1539506280443":{"type":"search","settings":{"wedget_title":"Search"}},"1538884863764":{"type":"recent_post","settings":{"wedget_title":"Recent Post","recent_post_limit_handle":3,"post_title_len":3}},"1538884866837":{"type":"archive","settings":{"wedget_title":"Archive"}},"1538884868758":{"type":"tag","settings":{"wedget_title":"Tags","blog_tags_list_limit_handle":10}},"1548836060778":{"type":"banner","settings":{"wedget_title":"Banner","banner_image":"","banner_image_url":"#"}}},"block_order":["1539506280443","1538884863764","1538884866837","1538884868758","1548836060778"],"settings":{"container_width":"container","blog_limit_handle":4,"blog_layout":"grid","blog_layout_grid":false,"sidebar_handle":"right_sidebar_handle","blog_column":"12","blog_md_column":"12","product_column_xs":"12","post_thumbnail_enable":true,"post_author_enable":false,"post_publish_time_enable":true,"post_comment_enbale":false,"post_title_enable":true,"post_content_enbale":true,"post_content_len":25,"post_readmore_btn_enbale":true,"read_more_button":"Read More","author_title":"By :"}},"article-template":{"type":"article-template","blocks":{"1539506793741":{"type":"search","settings":{"wedget_title":"Search"}},"1538884359122":{"type":"recent_post","settings":{"wedget_title":"Recent Post","recent_post_limit_handle":3,"post_title_len":3}},"1538884372007":{"type":"archive","settings":{"wedget_title":"Archive"}},"1538884380281":{"type":"tag","settings":{"wedget_title":"Tags","blog_tags_list_limit_handle":10}},"1538884564328":{"type":"menu","settings":{"wedget_title":"Custom Menu","menu_handle":"main-menu"}}},"block_order":["1539506793741","1538884359122","1538884372007","1538884380281","1538884564328"],"settings":{"container_width":"container","commentator_image":"","comment_post_limit_handle":5,"sidebar_handle":"left_sidebar_handle","post_author_enable":true,"post_publish_time_enable":true,"post_comment_enbale":true,"post_title_enable":true,"article_tag_enable":true,"article_social_share":true,"social_share_title":"Share this post:"}},"cart-template":{"type":"cart-template","settings":{"table_image_title":"Image","table_product_title":"Product","table_price_title":"Price","table_quantity_title":"Quantity","table_total_title":"Total","table_reomove_title":"Remove","update_button_title":"Update Cart","continue_shopping_title":"Continue Shopping","clear_cart_title":"Clear Cart","cart_vendor_enable":false,"cart_feature":"shipping_calculator","shipping_calculator_heading":"Get shipping estimatesss","shipping_calculator_button_title":"Calculate shipping","cart_note_title":"Special instructions for seller","cart_total_heading_title":"Cart Totals","cart_subtotal_title":"Subtotal","cart_total_title":"Total","check_term_condtion":true,"agree_btn_text":"I agree with the terms and conditions","checkout_button_title":"Proceed to Checkout","checkbout_btn_color":"#d3122a","checkout_button_text_color":"#fff","shopping_cart_title":"Shopping Cart","empty_cart_img":"","cart_empty_title":"Your cart is currently empty!","cart_continue_title":"Continue browsing"}},"list-collection-template":{"type":"list-collection-template","blocks":{"1562584343539":{"type":"custom_collection","settings":{"featured_product_handle":"popular-product","collection_img":"custom","custom_collection_img":"shopify:\/\/shop_images\/banner_01.01.png","custom_collection_title":"Collection Title","custom_collection_link":"\/","cat_column":"4","cat_column_md":"4","cat_column_xs":"6"}},"1562584350413":{"type":"custom_collection","settings":{"featured_product_handle":"featured-product","collection_img":"custom","custom_collection_img":"shopify:\/\/shop_images\/banner_02.01.png","custom_collection_title":"Collection Title","custom_collection_link":"\/","cat_column":"4","cat_column_md":"4","cat_column_xs":"6"}},"1562584353404":{"type":"custom_collection","settings":{"featured_product_handle":"bestseller","collection_img":"custom","custom_collection_img":"shopify:\/\/shop_images\/banner_03.png","custom_collection_title":"Collection Title","custom_collection_link":"\/","cat_column":"4","cat_column_md":"4","cat_column_xs":"6"}},"1562584356280":{"type":"custom_collection","settings":{"featured_product_handle":"bestseller","collection_img":"custom","custom_collection_img":"shopify:\/\/shop_images\/banner_04.png","custom_collection_title":"Collection Title","custom_collection_link":"\/","cat_column":"4","cat_column_md":"4","cat_column_xs":"6"}},"1562584361652":{"type":"custom_collection","settings":{"featured_product_handle":"popular-product","collection_img":"custom","custom_collection_img":"shopify:\/\/shop_images\/banner_06.png","custom_collection_title":"Collection Title","custom_collection_link":"\/","cat_column":"4","cat_column_md":"4","cat_column_xs":"6"}},"1562584364041":{"type":"custom_collection","settings":{"featured_product_handle":"frontpage","collection_img":"custom","custom_collection_img":"shopify:\/\/shop_images\/banner_05.png","custom_collection_title":"Collection Title","custom_collection_link":"\/","cat_column":"4","cat_column_md":"4","cat_column_xs":"6"}}},"block_order":["1562584343539","1562584350413","1562584353404","1562584356280","1562584361652","1562584364041"],"settings":{"collection_handle":"only_custom_collection","section_text_align":"section_text_center","product_column":"3","product_md_column":"4","product_column_xs":"6","more_title":"Shop Now","product_label":"Products"}},"header_special":{"type":"header_special","blocks":{"1562233770821":{"type":"megamenu","settings":{"mega_title":"MEN <span> NEW<\/span>","mege_level_2":"","level3_menu":"","mege_level_2_set2":"","level3_menu_2":"","mege_level_2_set3":"","level3_menu_3":"","megamenu_gallery":true,"megamenu_gallery_type":"banner","mega_banner_title1":"Sale","mega_banner_title2":"50%","mega_banner_content":"Lorem Ipsum Dolor","mega_banner_btn":"sho9 now!","mega_cat_banner_link":"\/","banner_title1":"#ffffff","banner_title2":"#ffffff","description_color":"#ffffff","banner_btn_color":"#ffffff","menu_product_title":"Handpick","menu_product_cat_handle_id":"","product_menu_titie_color":"#333333","product_title_trim":3,"product_title_color":"#333333","product_price_color":"#333333","product_old_price_color":"#aaaaaa","arrow_btn_bg_color":"#ffffff","arrow_btn_color":"#333333"}}},"block_order":["1562233770821"],"settings":{"container_width":"fluid","header_top_enable":false,"logo_width":150,"ratina_logo_enable":false,"header_sticky_enable":true,"menu":"main-menu","menu_enable":true,"header_transparent":false,"header_right_info":true,"search_bar_enable":true,"account_icon":true,"wishlist_enable":true,"mini_cart_enable":true,"welcome_text_msg":"Order Online Call Us","welcome_text_phone_number":"(0123) 456789","phone_number_link":"#","gtranslate_enable":false,"topbar_right_info_title":"Purchase Now","header_right_menu":"","shopping_cart_title":"Shopping Cart","checkout_title":"Checkout","social_media_enable":true,"mini_cart_title":"Cart","mini_cart_total_title":"Total:","cart_btn_enable":true,"view_cart_title":"View Cart","checkout_btn_enable":true,"mini_cart_checkout_title":"Checkout","agree_button_enable":true,"agree_button_text":"I agree with the terms and conditions","about_info_enable":true,"about_us_title":"About Us","about_us_description":"At Bans, we put a strong emphasis on simplicity, quality and usefulness of fashion products over other factors. Our fashion items never get outdated. They are not short-lived as normal fashion clothes.","email_id":"contact@bans.com","email_id_link":"#","phone_number":"(0123) 456789","social_media":true,"social_icon_1_name":"ion-social-twitter","social_icon_1_link":"#","social_icon_2_name":"ion-social-instagram","social_icon_2_link":"#","social_icon_3_name":"ion-social-google","social_icon_3_link":"#","social_icon_4_name":"ion-social-linkedin","social_icon_4_link":"#","mobile_menu":"offcanvas","mobile_search_field_enable":true,"mobile_social_midea_enable":true}},"header_essentials":{"type":"header_essentials","settings":{"menu":"main-menu","header_sticky_enable":true,"logo_width":150,"ratina_logo_enable":false,"gtranslate_enable":false,"header_right_info":true,"search_bar_enable":true,"account_icon":true,"wishlist_enable":true,"mini_cart_enable":true,"mini_cart_title":"Cart","mini_cart_total_title":"Total:","cart_btn_enable":true,"view_cart_title":"View Cart","checkout_btn_enable":true,"mini_cart_checkout_title":"Checkout","agree_button_enable":true,"agree_button_text":"I agree with the terms and conditions","mobile_menu":"offcanvas","mobile_search_field_enable":true,"mobile_social_midea_enable":true}},"header-wearables":{"type":"header-wearables","settings":{"menu":"main-menu","header_sticky_enable":true,"logo_width":150,"ratina_logo_enable":false,"search_bar_enable":true,"account_icon":true,"wishlist_enable":true,"mini_cart_enable":true,"copyright_text":"Copyright © 2019","mini_cart_title":"Cart","mini_cart_total_title":"Total:","cart_btn_enable":true,"view_cart_title":"View Cart","checkout_btn_enable":true,"mini_cart_checkout_title":"Checkout","agree_button_enable":true,"agree_button_text":"I agree with the terms and conditions","mobile_menu":"offcanvas","mobile_search_field_enable":true,"mobile_social_midea_enable":true}},"header-overlap-menu":{"type":"header-overlap-menu","settings":{"overlay_menu_type":"style2","menu":"main-menu","header_sticky_enable":true,"header_transparent":false,"logo_width":300,"ratina_logo_enable":false,"header_right_info":true,"search_bar_enable":true,"account_icon":true,"wishlist_enable":true,"mini_cart_enable":true,"mini_cart_title":"Cart","mini_cart_total_title":"Total:","cart_btn_enable":true,"view_cart_title":"View Cart","checkout_btn_enable":true,"mini_cart_checkout_title":"Checkout","agree_button_enable":true,"agree_button_text":"I agree with the terms and conditions","mobile_menu":"offcanvas","mobile_search_field_enable":true,"mobile_social_midea_enable":true}},"revslide_for_cosmetic":{"type":"revslide_for_cosmetic","blocks":{"1547275512504":{"type":"slide1","settings":{"slide_Layer_bg_color":"#f8f8f8","image_layer1":true,"slide_img_layer1":"","slide_text_img_1":"","corner_bottom_img":"","corner_top_img":"","rev_slide1_btn":"SHOP COLLECTION","rev_slide1_btn_link":"#","rev_slide_caption_btn_color":"#333","rev_slide_caption_btn_hover_color":"#d3122a"}},"1547275514912":{"type":"slide2","settings":{"slider_thubnail":"","slide_left_bottom_corner_img":"","slide_left_top_corner_img":"","slide_right_tb_corner_img":"","image_layer1":true,"slide_img_layer1":"","slide_text_img_1":"","layer_caption_title1":"Free delivery from $30","rev_slide1_btn":"SHOP COLLECTION","rev_slide1_btn_link":"","slide_title1_color":"#333","rev_slide_caption_btn_color":"#333","rev_slide_caption_btn_hover_color":"#d3122a"}},"1547275517431":{"type":"slide3","settings":{"slide_Layer_bg_color":"#f9f0ee","circle_shape":true,"shape_circle_bg_color":"#fff","image_layer1":true,"slide_img_layer1":"","slide_text_img_1":"","layer_caption_title1":"Free delivery from $30","rev_slide1_btn":"SHOP COLLECTION","rev_slide1_btn_link":"","slide_title1_color":"#333","rev_slide_caption_btn_color":"#333","rev_slide_caption_btn_hover_color":"#d3122a"}}},"block_order":["1547275512504","1547275514912","1547275517431"],"settings":{"slider_enable":false,"rev_arrow_bg_color":"#fff","section_margin_top":0,"section_margin_bottom":0,"section_margin_top_md":0,"section_margin_bottom_md":0,"section_margin_top_xs":0,"section_margin_bottom_xs":0}},"header_below_in_slider":{"type":"header_below_in_slider","settings":{"menu":"main-menu","header_sticky_enable":true,"logo":"shopify:\/\/shop_images\/logo_91d4c6a6-6931-44ea-8187-4ad05fc445ac.png","logo_width":300,"ratina_logo_enable":true,"header_right_info":true,"search_bar_enable":true,"account_icon":true,"wishlist_enable":true,"mini_cart_enable":true,"mini_cart_title":"Cart","mini_cart_total_title":"Total:","cart_btn_enable":true,"view_cart_title":"View Cart","checkout_btn_enable":true,"mini_cart_checkout_title":"Checkout","agree_button_enable":true,"agree_button_text":"I agree with the terms and conditions","mobile_menu":"offcanvas","mobile_search_field_enable":true,"mobile_social_midea_enable":true}},"footer_2":{"type":"footer_2","blocks":{"1547445061914":{"type":"paypal","settings":{}},"1547445074817":{"type":"shopify_pay","settings":{}},"1547445077961":{"type":"visa","settings":{}},"1547445083198":{"type":"master","settings":{}},"1547445089414":{"type":"maestro","settings":{}},"1547448411545":{"type":"discover","settings":{}}},"block_order":["1547445061914","1547445074817","1547445077961","1547445083198","1547445089414","1547448411545"],"settings":{"container_width":"container","copyright_menu":"style1","section_snow_effect":false,"copyright_contnet_description":true,"footer_navigation_enable":true,"footer_menu_handle":"footer","copyright_enable":true,"copy_ritht_text":"<p>Copyright © 2023 Organic Roots.All Rights Reserved | Designed By<a href=\"https:\/\/www.routeignite.com\/\" target=\"_blank\" title=\"Shopify Agency Gurgaon\">Route Ignite<\/a><\/p>","copyright_payment_icon":true,"footer_social_media_enable":true,"payment_icon_enable":true}},"footer_3":{"type":"footer_3","blocks":{"1547894731101":{"type":"contact_widget","settings":{"app_link":"","phone_number":"(+88) 123 4566 6868","email_id":"contact@bans.com","email_id_link":"mailto:contact@bans.com"}},"1547894739605":{"type":"widget_menu","settings":{"footer_widget_title":"Widget TItle","footer_menu_handle":"footer"}},"1547894751373":{"type":"widget_menu","settings":{"footer_widget_title":"Widget TItle","footer_menu_handle":"footer"}},"1547894760804":{"type":"social_icon","settings":{"footer_widget_title":"Widget TItle","social_icon_1_name":"ion-social-twitter","social_icon_1_link":"#","social_icon_2_name":"ion-social-instagram","social_icon_2_link":"#","social_icon_3_name":"ion-social-google","social_icon_3_link":"#","social_icon_4_name":"ion-social-linkedin","social_icon_4_link":"#","social_icon_5_name":"ion-social-pinterest","social_icon_5_link":"#"}},"1547894787998":{"type":"newsletter","settings":{"newsletter_title":"Subscribe.","newsletter_system":"by_shopify_form","newsletter_description":"Subscribe to our newsletter to receive news on update.","newsletter_input_placeholder":"Your email address.","subscrib_submit_button":"Subscribe"}},"1547896489543":{"type":"paypal","settings":{}},"1547896493527":{"type":"visa","settings":{}},"1547896497006":{"type":"master","settings":{}},"1547896508046":{"type":"maestro","settings":{}},"1547896513006":{"type":"discover","settings":{}}},"block_order":["1547894731101","1547894739605","1547894751373","1547894760804","1547894787998","1547896489543","1547896493527","1547896497006","1547896508046","1547896513006"],"settings":{"container_width":"fluid","footer_section_enable":true,"footer_bottom_enable":true,"copyright_text_enable":true,"copy_right_text":"<p>Copyright © Bans Shopify All Right Reserved.<\/p>","copyright_logo_enable":true,"payment_icon_enable":true,"footer_overlay":false,"footer_overlay_color":"#000000","footer_overlay_opacity":0.5}},"video_section":{"type":"video_section","settings":{"section_enable":true,"section_title_enable":true,"section_subtitle":"SIMPLY OR WHITE","section_title":"Clever & unique ideas","section_description":"Lorem ipsum dolor sit amet, consectetur cing elit. Suspe ndisse suscipit sagittis leo sit met","video_block_enable":true,"video_background_image":"shopify:\/\/shop_images\/video-about.png","video_icon_img":"","banner_video_url":"https:\/\/www.youtube.com\/watch?v=8uFEVF6aTR4","video_title":"OUR STORY","video_left_rotate_text":"BANS STORE","video_left_rotate_text_link":"#","video_right_rotate_text":"BANS STORE","video_right_rotate_text_link":"#","video_banner_bottom_content":true,"video_description_enable":true,"video_banner_text":"Lorem ipsum dolor sit amet, consectetur cing elit. Suspe ndisse suscipit sagittis leo sit estibulum issim Lorem ipsum dolor sit amet","video_description_btn":"Online Store","video_description_btn_link":"#","address_enable":true,"address_title":"OADDRESS","address_content":"1800 Abbot Kinney Blvd. Unit D & E Venice","phone_title":"Phone","phone_content":"Mobile: (+88) – 1990","email_title":"EMAIL","email_content":"contact@bansstore.com"}},"testmonial_section":{"type":"testmonial_section","blocks":{"1551415410921":{"type":"single_testmonial","settings":{"custom_collection_img":"shopify:\/\/shop_images\/testimoni-_1.png","testmonial_description":"There's nothing would satisfy me much more than a worry-free clean and responsive theme for my high-traffic site.","testmonial_name":"Willie Bradley","testmonial_designation":"\/ Reporter"}},"1551415424768":{"type":"single_testmonial","settings":{"custom_collection_img":"shopify:\/\/shop_images\/testimoni-_2.jpg","testmonial_description":"There's nothing would satisfy me much more than a worry-free clean and responsive theme for my high-traffic site.","testmonial_name":"Lois Thompson","testmonial_designation":"\/ Designer"}},"1551415428472":{"type":"single_testmonial","settings":{"custom_collection_img":"shopify:\/\/shop_images\/testimoni-_3.jpg","testmonial_description":"There's nothing would satisfy me much more than a worry-free clean and responsive theme for my high-traffic site.","testmonial_name":"Sally Ramsey","testmonial_designation":"\/ Actor"}},"1551415434969":{"type":"single_testmonial","settings":{"custom_collection_img":"shopify:\/\/shop_images\/testimoni-_1.jpg","testmonial_description":"There's nothing would satisfy me much more than a worry-free clean and responsive theme for my high-traffic site.","testmonial_name":"Florence Pittman","testmonial_designation":"\/ Model"}},"1551415437842":{"type":"single_testmonial","settings":{"custom_collection_img":"shopify:\/\/shop_images\/testimoni-_2.jpg","testmonial_description":"There's nothing would satisfy me much more than a worry-free clean and responsive theme for my high-traffic site.","testmonial_name":"Martha Peterson","testmonial_designation":"\/ Manager"}},"1551415472595":{"type":"section_background","settings":{"section_bg_image":"shopify:\/\/shop_images\/bg-testimonials.png","section_bg_color":"#fff"}}},"block_order":["1551415410921","1551415424768","1551415428472","1551415434969","1551415437842","1551415472595"],"settings":{"section_enable":true,"container_width":"container","section_title_enable":true,"section_title":"Testimonial","text_align":"center","testmonial_design2":false,"arrow_icon_color":"#e7e7e7","section_seperator":false,"autoplay_true":false,"navigation_enable":true,"slide_items_show":3,"items_more_than_1200":3,"items_more_than_992":2,"items_more_than_768":1,"items_more_than_480":1,"items_more_than_320":1}},"brand":{"type":"brand","blocks":{"1551417659764":{"type":"single_brand","settings":{"brand_img":"shopify:\/\/shop_images\/brand6_160x65_b056ffbf-fa84-44af-b9b0-6b051d01cf9b.png","brand_link":"#"}},"1551417663707":{"type":"single_brand","settings":{"brand_img":"shopify:\/\/shop_images\/brand-2_160x65_f10b9f4e-fad5-4188-9b4c-38534b4bca13.png","brand_link":"#"}},"1551417668155":{"type":"single_brand","settings":{"brand_img":"shopify:\/\/shop_images\/brand2_160x65_6af347ed-8438-4533-ac60-309795db8641.png","brand_link":"#"}},"1551417671498":{"type":"single_brand","settings":{"brand_img":"shopify:\/\/shop_images\/brand-1_160x65_8e3fe9af-9558-43a4-b6f1-de7aeb9a0661.png","brand_link":"#"}},"1551417675866":{"type":"single_brand","settings":{"brand_img":"shopify:\/\/shop_images\/brand1_160x65_5551f311-7977-4033-a04d-59ec73c3ce82.png","brand_link":"#"}},"1551417678946":{"type":"single_brand","settings":{"brand_img":"shopify:\/\/shop_images\/brand2_160x65_6af347ed-8438-4533-ac60-309795db8641.png","brand_link":"#"}},"1551417830753":{"type":"single_brand","settings":{"brand_img":"shopify:\/\/shop_images\/brand6_160x65_b056ffbf-fa84-44af-b9b0-6b051d01cf9b.png","brand_link":"#"}}},"block_order":["1551417659764","1551417663707","1551417668155","1551417671498","1551417675866","1551417678946","1551417830753"],"settings":{"section_enable":true,"container_width":"fluid","section_title_enable":true,"section_title":"Our Brands","autoplay_true":false,"slide_items_show":5,"items_more_than_1200":4,"items_more_than_992":3,"items_more_than_768":2,"items_more_than_480":2,"items_more_than_320":1}},"about_section":{"type":"about_section","blocks":{"1551508412277":{"type":"section_margin","settings":{"section_margin_top":100,"section_margin_bottom":100,"section_margin_top_md":100,"section_margin_bottom_md":100,"section_margin_top_xs":80,"section_margin_bottom_xs":0}}},"block_order":["1551508412277"],"settings":{"section_enable":true,"container_width":"fluid","section_title_enable":true,"section_title":"Basic minimalism","section_subtitle":"BANS STORE - SIMPLY AND BASIC","about_img":"shopify:\/\/shop_images\/image-about-us.png","img_lg_col":"6","img_md_col":"12","about_description":"Lorem ipsum dolor sit amet, consectetur cing elit. Suspe ndisse suscipit sagittis leo sit estibulum issim Lorem ipsum dolor sit amet, consectetur cing elit. ipsum dolor sit amet, consectetur cing elit. Suspe ndisse suscipit sagittis leo sit es","content_xl_col":"4","content_offset_xl_col":"1","content_lg_col":"6","content_md_col":"12"}},"testmonial_section_2":{"type":"testmonial_section_2","blocks":{"1551421931634":{"type":"single_testmonial","settings":{"testmonial_thumb":"shopify:\/\/shop_images\/testimonial-4_69df5ca8-b3fd-4394-a73d-589ee1147b5d.jpg","testmonial_description":"There's nothing would satisfy me much more than a worry-free clean and responsive theme for my high-traffic site.","testmonial_name":"Willie Bradley","testmonial_designation":"\/ Reporter","testmonial_quotation":""}},"1551421934891":{"type":"single_testmonial","settings":{"testmonial_thumb":"shopify:\/\/shop_images\/testimonial-3_e0e19562-f6f2-4da6-ac72-be6e7ca2ccbf.jpg","testmonial_description":"There's nothing would satisfy me much more than a worry-free clean and responsive theme for my high-traffic site.","testmonial_name":"Michelle Meyer","testmonial_designation":"\/ Manager","testmonial_quotation":""}},"1551421938546":{"type":"single_testmonial","settings":{"testmonial_thumb":"shopify:\/\/shop_images\/testimonial-1_4a7649eb-28ef-48de-bf88-c4deca2bd46a.png","testmonial_description":"There's nothing would satisfy me much more than a worry-free clean and responsive theme for my high-traffic site.","testmonial_name":"Mark Romero","testmonial_designation":"\/ Coder","testmonial_quotation":""}},"1551429859866":{"type":"single_testmonial","settings":{"testmonial_thumb":"shopify:\/\/shop_images\/testimonial-2_ff7d6e4d-decf-4f33-855e-ed9ae516809d.jpg","testmonial_description":"There's nothing would satisfy me much more than a worry-free clean and responsive theme for my high-traffic site.","testmonial_name":"Jeremy Jordan","testmonial_designation":"\/ Designer","testmonial_quotation":""}},"1551430361970":{"type":"section_background","settings":{"section_bg_image":"shopify:\/\/shop_images\/bg-testimonials.png","section_bg_color":"#fff"}}},"block_order":["1551421931634","1551421934891","1551421938546","1551429859866","1551430361970"],"settings":{"section_enable":true,"section_title_enable":false,"section_title":"Section Title","test_thumbnail_enable":true,"quotation_enable":true,"autoplay_true":false,"slider_arrow_enable":true,"slider_navigation_color":"#e7e7e7","slide_items_show":1,"items_more_than_1200":1,"items_more_than_992":1,"items_more_than_768":1,"items_more_than_480":1,"items_more_than_320":1}},"video_section_2":{"type":"video_section_2","settings":{"section_enable":true,"container_width":"fluid","video_block_enable":true,"video_background_image":"shopify:\/\/shop_images\/bg-video-about-us-large.png","video_icon_img":"","banner_video_url":"https:\/\/www.youtube.com\/watch?v=8uFEVF6aTR4","video_title":"OUR STORY"}},"content_block":{"type":"content_block","blocks":{"1551430147092":{"type":"single_content","settings":{"content_subtitle":"On at oders over $99","content_title":"Free shipping & return","content_description":"Lorem ipsum dolor sit amet, consectetur cing elit. Suspe ndisse suscipit sagittis leo sit met condimentum estibulum issim Lorem ipsum dolor sit amet, consectetur cing elit.","content_desc_btn":"LEARN MORE","content_desc_btn_link":""}},"1551430150228":{"type":"single_content","settings":{"content_subtitle":"Support 24\/7","content_title":"Money back","content_description":"Lorem ipsum dolor sit amet, consectetur cing elit. Suspe ndisse suscipit sagittis leo sit met condimentum estibulum issim Lorem ipsum dolor sit amet, consectetur cing elit.","content_desc_btn":"LEARN MORE","content_desc_btn_link":"#"}},"1551430527052":{"type":"section_margin","settings":{"section_margin_top":0,"section_margin_bottom":100,"section_margin_top_md":0,"section_margin_bottom_md":100,"section_margin_top_xs":0,"section_margin_bottom_xs":50}}},"block_order":["1551430147092","1551430150228","1551430527052"],"settings":{"section_enable":true,"container_width":"container"}},"contact_details":{"type":"contact_details","blocks":{"1551432539441":{"type":"address","settings":{"address_icon":"location","address_title":"ADDRESS","address_content":"1800 Abbot Kinney Blvd. Unit D & E Venice","lg_banner_col":"4","md_banner_col":"4"}},"1551432542100":{"type":"contact","settings":{"phone_icon":"ios-telephone","phone_title":"CONTACT","phone_content":"Mobile: (+88) – 1990 – 6886 <br> Hotline: 1800 – 1102","email_icon":"ios-email","email_content":"Mail: contact@bansstore.com","lg_banner_col":"4","md_banner_col":"4"}},"1551432550237":{"type":"special_note","settings":{"special_icon":"ios-clock-outline","special_title":"HOUR OF OPERATION","special_content":"Monday – Friday : 09:00 – 20:00 <br> Sunday & Saturday: 10:30 – 22:00","lg_banner_col":"4","md_banner_col":"4"}}},"block_order":["1551432539441","1551432542100","1551432550237"],"settings":{"section_enable":true,"section_title_enable":true,"section_subtitle":"SIMPLY OR WHITE","section_title":"Clever & unique ideas"}},"google_map":{"type":"google_map","settings":{"container_width":"container","section_enable":true,"google_map_api_key":"AIzaSyChs2QWiAhnzz0a4OEhzqCXwx_qA9ST_lE","latitude":"40.7590615","languid":"-73.969231","icon_enable":true,"map_icon_image":"","icon_animation_enable":true}},"get_in_touch":{"type":"get_in_touch","settings":{"section_enable":true,"section_title_enable":true,"section_title":"Get in touch","name_placeholder":"Name *","email_placeholder":"Email *","subject_placeholder":"Subject *","message_placeholder":"Message *","form_button_name":"Submit"}},"faq":{"type":"faq","blocks":{"1551434414732":{"type":"faq","settings":{"faq_title":"What Shipping Methods are Available?","faq_description":"Depending on the item(s) you purchase on garageclothing.com and the location to which the item(s) will be delivered, different shipping methods will be available. At checkout, you will be prompted to choose a variety of shipping methods."}},"1551434419755":{"type":"faq","settings":{"faq_title":"Do You Ship Internationally?","faq_description":"At the moment, we only ship to Canada and the United States. For international orders, please contact internationalorders@dynamite.ca. If you have any questions, please don’t hesitate to contact our Customer Experience Department by mail or by phone at 1-888-882-1138 (Canada) and 1-888-342-7243 (USA)."}},"1551434422547":{"type":"faq","settings":{"faq_title":"How to Track My Order?","faq_description":"Once your order has been shipped, you will receive an email with your tracking and shipping information. Simply click on the link in the email or select the ‘track order’ option here and enter your order number and email address or sign into your account."}},"1551434425107":{"type":"faq","settings":{"faq_title":"How Long Will It Take To Get My Package?","faq_description":"We ship only on business days. Business days are from Monday to Friday, excluding holidays. Any order placed after 12 P.M. ET will be processed the following business day. Due to a high volume period, your order may take longer than anticipated. For remote locations, please add an additional 2-5 business day to each shipping method’s expected delivery time. If you are not sure whether your location is remote, please click here for all the details."}},"1551434428504":{"type":"faq","settings":{"faq_title":"Frequently Ask Question","faq_description":"Once your order has been shipped, you will receive an email with your tracking and shipping information."}}},"block_order":["1551434414732","1551434419755","1551434422547","1551434425107","1551434428504"],"settings":{"section_enable":true,"section_title":"Shipping information"}},"call_to_action":{"type":"call_to_action","settings":{"section_enable":true,"cta_title":"Call To Action Title","call_to_action_btn":"Contact Us","call_to_action_btn_link":"","justifyContentCenter":"between"}},"team_member":{"type":"team_member","blocks":{"1551441014603":{"type":"team_member","settings":{"team_type":"style1","team_member_img":"shopify:\/\/shop_images\/team-_8.jpg","member_title":"Cynthia Casey","member_designation":"Design","member_social_enable":true,"social_icon_1":"facebook","social_icon_1_link":"#","social_icon_2":"twitter","social_icon_2_link":"#","social_icon_3":"linkedin","social_icon_3_link":"#","lg_banner_col":"3","md_banner_col":"3"}},"1551441019124":{"type":"team_member","settings":{"team_type":"style1","team_member_img":"shopify:\/\/shop_images\/team-_7.jpg","member_title":"Dollie Horton","member_designation":"Marketing","member_social_enable":true,"social_icon_1":"facebook","social_icon_1_link":"#","social_icon_2":"twitter","social_icon_2_link":"#","social_icon_3":"linkedin","social_icon_3_link":"#","lg_banner_col":"3","md_banner_col":"3"}},"1551441022158":{"type":"team_member","settings":{"team_type":"style1","team_member_img":"shopify:\/\/shop_images\/team-_6.jpg","member_title":"Ravi Tamada","member_designation":"Design","member_social_enable":true,"social_icon_1":"facebook","social_icon_1_link":"\/","social_icon_2":"twitter","social_icon_2_link":"#","social_icon_3":"linkedin","social_icon_3_link":"#","lg_banner_col":"3","md_banner_col":"3"}},"1551441024943":{"type":"team_member","settings":{"team_type":"style1","team_member_img":"shopify:\/\/shop_images\/team-_5.jpg","member_title":"Terry Myers","member_designation":"Developer","member_social_enable":true,"social_icon_1":"facebook","social_icon_1_link":"#","social_icon_2":"twitter","social_icon_2_link":"#","social_icon_3":"linkedin","social_icon_3_link":"","lg_banner_col":"3","md_banner_col":"3"}}},"block_order":["1551441014603","1551441019124","1551441022158","1551441024943"],"settings":{"container_width":"container","section_enable":true,"section_title_enable":true,"section_subtitle":"Team","section_title":"Creative team"}},"icon_box":{"type":"icon_box","blocks":{"1551443445048":{"type":"icon_box","settings":{"icon_box_type":"style1","icon_name":"ti-mobile","icon_box_title":"PHONE","icon_box_desc":"Phone 01: +84 01122000","lg_banner_col":"4","md_banner_col":"4","icon_color":"#cccccc","title_color":"#222222","content_color":"#878787","icon_box_bg_color":"#edf6eb"}},"1551443450890":{"type":"icon_box","settings":{"icon_box_type":"style1","icon_name":"ti-location-pin","icon_box_title":"ADDRESS","icon_box_desc":"1800 Abbot Kinney Blvd. <br>\nUnit D, Venice","lg_banner_col":"4","md_banner_col":"4","icon_color":"#cccccc","title_color":"#222222","content_color":"#878787","icon_box_bg_color":"#edf6eb"}},"1551443453921":{"type":"icon_box","settings":{"icon_box_type":"style1","icon_name":"ti-email","icon_box_title":"EMAIL","icon_box_desc":"bansstore@gmail.com","lg_banner_col":"4","md_banner_col":"4","icon_color":"#cccccc","title_color":"#222222","content_color":"#878787","icon_box_bg_color":"#edf6eb"}},"1551443517306":{"type":"icon_box","settings":{"icon_box_type":"style3","icon_name":"ti-location-pin","icon_box_title":"ADDRESS","icon_box_desc":"1800 Abbot Kinney Blvd. <br>\nUnit D, Venice","lg_banner_col":"4","md_banner_col":"4","icon_color":"#ddb759","title_color":"#222222","content_color":"#878787","icon_box_bg_color":"#f8f5de"}},"1551443528715":{"type":"icon_box","settings":{"icon_box_type":"style3","icon_name":"ti-mobile","icon_box_title":"PHONE","icon_box_desc":"Phone 01: +84 01122000","lg_banner_col":"4","md_banner_col":"4","icon_color":"#a3d39c","title_color":"#222222","content_color":"#878787","icon_box_bg_color":"#edf6eb"}},"1551443535242":{"type":"icon_box","settings":{"icon_box_type":"style3","icon_name":"ti-email","icon_box_title":"Email","icon_box_desc":"bansstore@gmail.com","lg_banner_col":"4","md_banner_col":"4","icon_color":"#7eb7e6","title_color":"#222222","content_color":"#878787","icon_box_bg_color":"#ecf4fb"}},"1551444670003":{"type":"icon_box","settings":{"icon_box_type":"style2","icon_name":"fa fa-money","icon_box_title":"MONEY BACK","icon_box_desc":"100% money back guarantee","lg_banner_col":"4","md_banner_col":"4","icon_color":"#cccccc","title_color":"#222222","content_color":"#878787","icon_box_bg_color":"#edf6eb"}},"1551444679717":{"type":"icon_box","settings":{"icon_box_type":"style2","icon_name":"fa fa-shopping-basket","icon_box_title":"FREE SHIPPING & RETURN","icon_box_desc":"Free shipping on all orders over $99","lg_banner_col":"4","md_banner_col":"4","icon_color":"#cccccc","title_color":"#222222","content_color":"#878787","icon_box_bg_color":"#edf6eb"}},"1551444685820":{"type":"icon_box","settings":{"icon_box_type":"style2","icon_name":"fa fa-life-ring","icon_box_title":"24\/7 SUPPORT","icon_box_desc":"Live fast and good support 24\/7.","lg_banner_col":"4","md_banner_col":"4","icon_color":"#cccccc","title_color":"#222222","content_color":"#878787","icon_box_bg_color":"#edf6eb"}}},"block_order":["1551443445048","1551443450890","1551443453921","1551443517306","1551443528715","1551443535242","1551444670003","1551444679717","1551444685820"],"settings":{"section_enable":true,"container_width":"fluid","no_gutters":true,"team_margin_top":30,"team_margin_bottom":30,"team_margin_top_md":30,"team_margin_bottom_md":30,"team_margin_top_xs":30,"team_margin_bottom_xs":30}},"mailchimp":{"type":"mailchimp","settings":{"section_enable":true,"newsletter_system":"by_shopify_form","mailchimp_type":"style1","newsletter_title":"Newsletter.","newsletter_subtitle":"Get the latest news & updates from bans","newsleter_icon":"ion-ios-email-outline","newsletter_input_placeholder":"Your email address.","subscrib_submit_button":"Subscribe","newsletter_btn":"Visit us on Facebook","newsletter_btn_link":""}},"1562395202573":{"type":"product-grid-carousel-section","settings":{"container_width":"container","section_title_enable":true,"section_title":"New Arrival Collection","section_title_paragraph":"Find your style Of arrival collection","text_align":"center","section_title_color":"#333333","section_desc_color":"#777777","product_cat_handle_id":"bestseller","product_grid":"grid_1","product_limit_handle":8,"product_column_five":false,"product_column":"3","product_column_md":"6","product_column_xs":"6","small_mobile_col":"12","load_more_button_enable":true,"load_more_text":"Show More..","load_more_btn_icon":"ios-plus-empty","load_more_button_link":""}},"1562395488243":{"type":"product_services","blocks":{"1562395488243-0":{"type":"services_content","settings":{"services_title":"FREE SHIPPING","services_desc":"On all orders over $75.00"}},"1562395488243-1":{"type":"services_content","settings":{"services_title":"MONEY BACK","services_desc":"30 days money back guarantee"}},"1562395488243-2":{"type":"services_with_img","settings":{"services_title":"PAYMENT METHOD","services_img":"shopify:\/\/shop_images\/pay.png"}}},"block_order":["1562395488243-0","1562395488243-1","1562395488243-2"],"settings":{"container_width":"container"}},"custom_product_carousel":{"type":"custom_product_carousel","blocks":{"1575181884848":{"type":"section_margin","settings":{"section_margin_top":0,"section_margin_bottom":70,"section_margin_top_md":0,"section_margin_bottom_md":50,"section_margin_top_xs":0,"section_margin_bottom_xs":35}}},"block_order":["1575181884848"],"settings":{"custom_carousel_product_enable":true,"container_width":"container","section_title_enable":true,"section_title":"Recommended Product","section_title_size":"title--medium","section_title_paragraph":"","text_align":"center","product_cat_handle_id":"","product_limit_handle":8,"product_style":"style1","autoplay_true":false,"navigation_enable":true,"arrows_color":"#333333","pagination_enable":false,"md_pagination_enable":false,"xs_pagination_enable":false,"slide_items_show":4,"items_more_than_1200":4,"items_more_than_992":3,"items_more_than_768":2,"items_more_than_480":2,"items_more_than_320":1}},"recent_viewed_product":{"type":"recent_viewed_product","settings":{"recent_viewed_product":true,"recently_viewed_products_title":"Recently Viewed Products","number_of_recently_viewed_products":"50"}},"1588488022022":{"type":"hero_fullwidth_slider","blocks":{"1588488022022-0":{"type":"slide","settings":{"slider_sm_img":"shopify:\/\/shop_images\/banner_06.png","slider_caption_title_1":"For your protection","slider_caption_title_2":"Welcome to <br> Bans","slider_caption_btn":"shop now","slider_caption_btn_link":"shopify:\/\/collections\/all","row_reverse":false,"justify_content":"start","content_align":"left","caption_title1_color":"#333333","Subtitle_font":"work_sans_n5","caption_title2_color":"#333333","main_title_font":"work_sans_n8","slide_caption_btn_bg_color":"#333333","slide_caption_btn_color":"#ffffff","slide_caption_btn_border_color":"#5857de","slide_caption_btn_hover_color":"#5857de","lg_col":"5","lg_offset":"0","md_col":"5","md_offset":"0","content_lg_col":"6","content_lg_offset":"1","content_md_col":"7","content_md_offset":"0"}},"1588488022022-1":{"type":"slide","settings":{"slider_sm_img":"shopify:\/\/shop_images\/banner_06.png","slider_caption_title_1":"For your protection","slider_caption_title_2":"NEW DIGITAL <br>THERMOMETER","slider_caption_btn":"shop now","slider_caption_btn_link":"shopify:\/\/collections\/all","row_reverse":false,"justify_content":"start","content_align":"left","caption_title1_color":"#333333","Subtitle_font":"work_sans_n5","caption_title2_color":"#333333","main_title_font":"work_sans_n8","slide_caption_btn_bg_color":"#333333","slide_caption_btn_color":"#ffffff","slide_caption_btn_border_color":"#5857de","slide_caption_btn_hover_color":"#5857de","lg_col":"5","lg_offset":"0","md_col":"5","md_offset":"0","content_lg_col":"6","content_lg_offset":"1","content_md_col":"7","content_md_offset":"0"}}},"block_order":["1588488022022-0","1588488022022-1"],"settings":{"slider_autoplay_enable":false,"slider_content_type":"without_image","loop_true":true,"pagination_true":false,"slider_paginate_color":"#999999","slider_active_paginate_color":"#333333","navigation_true":true,"navigation_style2":true,"navigation_bg_color":"#ffffff","navigation_color":"#999999","navigation_hover_bg_color":"#222222","navigation_hover_color":"#ffffff","section_snow_effect":false,"slider_overlay_color":"#ffffff","slider_overlay_opacity":0.2}},"1588488326122":{"type":"creative_banner","blocks":{"1588488326122-0":{"type":"banner","settings":{"banner_coloum":"6","banner_img":"shopify:\/\/shop_images\/banner_01.01.png","banner_subtitle":"","banner_first_title":"","banner_last_title":"","banner_description":"","banner_button":"","banner_button_url":""}},"1588488326122-1":{"type":"banner","settings":{"banner_coloum":"6","banner_img":"shopify:\/\/shop_images\/banner_02.01.png","banner_subtitle":"","banner_first_title":"","banner_last_title":"","banner_description":"","banner_button":"","banner_button_url":""}},"1588488388956":{"type":"section_margin","settings":{"section_margin_top":100,"section_margin_bottom":70,"section_margin_top_md":80,"section_margin_bottom_md":50,"section_margin_top_xs":70,"section_margin_bottom_xs":40}}},"block_order":["1588488326122-0","1588488326122-1","1588488388956"],"settings":{"container_width":"container","section_snow_effect":false}},"1588495599532":{"type":"product_carousel","blocks":{"28338783-befb-4dea-a101-3a0ddbcad056":{"type":"section_margin","settings":{"section_margin_top":80,"section_margin_bottom":0,"section_margin_top_md":70,"section_margin_bottom_md":0,"section_margin_top_xs":60,"section_margin_bottom_xs":0}}},"block_order":["28338783-befb-4dea-a101-3a0ddbcad056"],"settings":{"container_width":"container","section_title_enable":true,"section_title":"Popular Products","section_title_size":"title--large","section_title_paragraph":"Section Title Description","view_more_btn":false,"view_more_btn_text":"View More","view_more_btn_url":"","text_align":"center","product_cat_handle_id":"featured-product","product_limit_handle":8,"product_style":"style1","autoplay_true":false,"navigation_enable":true,"arrows_color":"#e7e7e7","pagination_enable":false,"md_pagination_enable":false,"xs_pagination_enable":false,"slide_items_show":4,"items_more_than_1200":4,"items_more_than_992":3,"items_more_than_768":2,"items_more_than_480":2,"items_more_than_320":2}},"1588588070606":{"type":"creative_banner","blocks":{"1588588070606-0":{"type":"banner","settings":{"banner_coloum":"6","banner_img":"shopify:\/\/shop_images\/banner_4.01.png","banner_subtitle":"","banner_first_title":"","banner_last_title":"","banner_description":"","banner_button":"","banner_button_url":""}},"1588588070606-1":{"type":"banner","settings":{"banner_coloum":"6","banner_img":"shopify:\/\/shop_images\/banner_03.01.png","banner_subtitle":"","banner_first_title":"","banner_last_title":"","banner_description":"","banner_button":"","banner_button_url":""}},"1588590397118":{"type":"section_margin","settings":{"section_margin_top":0,"section_margin_bottom":70,"section_margin_top_md":0,"section_margin_bottom_md":50,"section_margin_top_xs":0,"section_margin_bottom_xs":40}}},"block_order":["1588588070606-0","1588588070606-1","1588590397118"],"settings":{"container_width":"no_gap","section_snow_effect":false}},"1588589996137":{"type":"simple_banner_with_text","blocks":{"1588589996137-0":{"type":"banner_type_1","settings":{"banner_img":"shopify:\/\/shop_images\/large_banner.png","banner_title1":"","banner_title2":"","banner_link":"shopify:\/\/collections\/all","lg_col":"12","md_col":"12","banner_content_color":"#ffffff"}}},"block_order":["1588589996137-0"],"settings":{"container_width":"container"}},"brand_logo_2":{"type":"brand_logo_2","blocks":{"1589110102902":{"type":"single_brand_logo","settings":{"brand_img":"shopify:\/\/shop_images\/brand6_160x65_b056ffbf-fa84-44af-b9b0-6b051d01cf9b.png","brand_link":"#"}},"1589110106348":{"type":"single_brand_logo","settings":{"brand_img":"shopify:\/\/shop_images\/brand-2_160x65_f10b9f4e-fad5-4188-9b4c-38534b4bca13.png","brand_link":"#"}},"1589110109340":{"type":"single_brand_logo","settings":{"brand_img":"shopify:\/\/shop_images\/brand2_160x65_6af347ed-8438-4533-ac60-309795db8641.png","brand_link":"#"}},"1589110116373":{"type":"single_brand_logo","settings":{"brand_img":"shopify:\/\/shop_images\/brand-1_160x65_8e3fe9af-9558-43a4-b6f1-de7aeb9a0661.png","brand_link":"#"}},"1589110119157":{"type":"single_brand_logo","settings":{"brand_img":"shopify:\/\/shop_images\/brand1_160x65_5551f311-7977-4033-a04d-59ec73c3ce82.png","brand_link":"#"}},"1589110600177":{"type":"single_brand_logo","settings":{"brand_img":"shopify:\/\/shop_images\/brand-2_160x65_f10b9f4e-fad5-4188-9b4c-38534b4bca13.png","brand_link":"#"}},"1589110603577":{"type":"single_brand_logo","settings":{"brand_img":"shopify:\/\/shop_images\/brand-1_160x65_8e3fe9af-9558-43a4-b6f1-de7aeb9a0661.png","brand_link":"#"}}},"block_order":["1589110102902","1589110106348","1589110109340","1589110116373","1589110119157","1589110600177","1589110603577"],"settings":{"section_enable":true,"container_width":"fluid","section_title_enable":true,"section_title":"Our Brands","autoplay_true":false,"slide_items_show":5,"items_more_than_1200":4,"items_more_than_992":3,"items_more_than_768":2,"items_more_than_480":2,"items_more_than_320":1}},"brand_AZ":{"type":"brand_AZ","settings":{}},"recommended":{"type":"recommended","settings":{}},"1626079872049846ca":{"type":"custom_collection_banner","blocks":{"1626079872049846ca-0":{"type":"collection_grid_6","settings":{"custom_collection_img":"shopify:\/\/shop_images\/1.jpg","collection_name":"Women","collection_hover_title":"+ Store","collection_link":""}},"1626079872049846ca-1":{"type":"collection_grid_small_6","settings":{"custom_collection_img":"shopify:\/\/shop_images\/2.jpg","collection_name":"Women","collection_hover_title":"+ Store","collection_link":""}},"1626079872049846ca-2":{"type":"collection_grid_6","settings":{"custom_collection_img":"shopify:\/\/shop_images\/3.jpg","collection_name":"Women","collection_hover_title":"+ Store","collection_link":""}},"1626079872049846ca-3":{"type":"collection_grid_3","settings":{"custom_collection_img":"shopify:\/\/shop_images\/4.jpg","collection_name":"Women","collection_hover_title":"+ Store","collection_link":""}},"1626079872049846ca-4":{"type":"collection_grid_3","settings":{"custom_collection_img":"shopify:\/\/shop_images\/5.jpg","collection_name":"Women","collection_hover_title":"+ Store","collection_link":""}}},"block_order":["1626079872049846ca-0","1626079872049846ca-1","1626079872049846ca-2","1626079872049846ca-3","1626079872049846ca-4"],"settings":{"container_width":"container"}},"header_index_new":{"type":"header_index_new","settings":{"container_width":"fluid","header_top_enable":false,"header_sticky_enable":true,"menu":"main-menu","menu_enable":true,"logo":"shopify:\/\/shop_images\/logo_b.png","logo_width":300,"ratina_logo_enable":true,"header_middle_enable":true,"header_right_info":true,"search_bar_enable":true,"wishlist_enable":true,"wishlist_text":"Wishlist","mini_cart_enable":true,"mini_cart_text":"My Cart","mini_cart_title":"Cart","mini_cart_total_title":"Total:","cart_btn_enable":true,"view_cart_title":"View Cart","checkout_btn_enable":true,"mini_cart_checkout_title":"Proceed to Checkout","agree_button_enable":true,"agree_button_text":"I agree with the terms and conditions","welcome_text_msg":"Order Online Call Us","welcome_text_phone_number":"(0123) 456789","phone_number_link":"#","gtranslate_enable":false,"social_media_enable":true,"login_text":"Sign In","register_text":"Register","logout_text":"Sign out","or_text":"Or","account_text":"My Account","mobile_menu":"offcanvas","mobile_search_field_enable":true,"mobile_social_midea_enable":true}},"header_logo_middle_of_menu":{"type":"header_logo_middle_of_menu","blocks":{"header_logo_middle_of_menu-0":{"type":"singleMenu","settings":{"menuItemText":"Menu","menuItemUrl":""}},"header_logo_middle_of_menu-1":{"type":"singleMenu","settings":{"menuItemText":"Menu","menuItemUrl":""}},"header_logo_middle_of_menu-2":{"type":"dropdown","settings":{"menuItemText":"Menu","menuItemUrl":"","subMenu":""}},"header_logo_middle_of_menu-3":{"type":"logo","settings":{}},"header_logo_middle_of_menu-4":{"type":"singleMenu","settings":{"menuItemText":"Menu","menuItemUrl":""}},"header_logo_middle_of_menu-5":{"type":"singleMenu","settings":{"menuItemText":"Menu","menuItemUrl":""}}},"block_order":["header_logo_middle_of_menu-0","header_logo_middle_of_menu-1","header_logo_middle_of_menu-2","header_logo_middle_of_menu-3","header_logo_middle_of_menu-4","header_logo_middle_of_menu-5"],"settings":{"container_width":"fluid","header_top_enable":false,"logo":"shopify:\/\/shop_images\/logo_91d4c6a6-6931-44ea-8187-4ad05fc445ac.png","logo_width":300,"ratina_logo_enable":true,"header_sticky_enable":true,"menu_enable":true,"header_transparent":false,"header_right_info":true,"search_bar_enable":true,"account_icon":true,"wishlist_enable":true,"mini_cart_enable":true,"welcome_text_msg":"Order Online Call Us","welcome_text_phone_number":"(0123) 456789","phone_number_link":"#","gtranslate_enable":false,"topbar_right_info_title":"Purchase Now","header_right_menu":"","shopping_cart_title":"Shopping Cart","checkout_title":"Checkout","social_media_enable":true,"mini_cart_title":"Cart","mini_cart_total_title":"Total:","cart_btn_enable":true,"view_cart_title":"View Cart","checkout_btn_enable":true,"mini_cart_checkout_title":"Proceed to Checkout","agree_button_enable":true,"agree_button_text":"I agree with the terms and conditions","about_info_enable":true,"about_us_title":"About Us","about_us_description":"At Bans, we put a strong emphasis on simplicity, quality and usefulness of fashion products over other factors. Our fashion items never get outdated. They are not short-lived as normal fashion clothes.","email_id":"contact@bans.com","email_id_link":"#","phone_number":"(0123) 456789","social_media":true,"social_icon_1_name":"twitter","social_icon_1_link":"","social_icon_2_name":"instagram","social_icon_2_link":"","social_icon_3_name":"google-plus","social_icon_3_link":"","social_icon_4_name":"linkedin","social_icon_4_link":"","mobile_menu":"offcanvas","mobile_search_field_enable":true,"mobile_social_midea_enable":true}},"footer-new":{"type":"footer-new","settings":{"shop_linklist":"shop","about_linklist":"about","shopmore_linklist":"more"}}},"content_for_index":["1588488022022","1588495599532","1588488326122","1588588070606","1562395202573","1588589996137","1562395488243","1626079872049846ca"]},"presets":{"Default":{"ajax_cart_method":"drawer","cart_notes_enable":true,"color_body_bg":"#fff","color_body_text":"#333333","color_borders":"#e5e5e5","color_footer_bg":"#f2f2f2","color_footer_social_link":"#bbbbbb","color_footer_text":"#636363","color_primary":"#747474","color_secondary":"#bbb","favicon_enable":false,"footer_newsletter_enable":true,"footer_social_enable":true,"logo_use_image":false,"social_facebook_link":"","social_twitter_link":""}}}