[{"name":"theme_info","theme_name":"MF OS 2.0","theme_author":"M Farhan Khan","theme_version":"1.0.1","theme_documentation_url":"https:\/\/team90degree.com\/docs\/bans","theme_support_url":"https:\/\/team90ddegree.com\/contact-us"},{"name":"Layout Settings","settings":[{"type":"header","content":"Header Settings","info":"-------"},{"type":"select","id":"header_type","label":"Select Header","options":[{"label":"Header Default","value":"default"},{"label":"Header Special","value":"special"},{"label":"Header Essential & Perfumes","value":"essential"},{"label":"Header Wearables","value":"wearables"},{"label":"Header Overlap Menu","value":"overlap"},{"label":"Header Below In Slider","value":"bottom_header"},{"label":"Header Index New","value":"new_index_header"},{"label":"Menu With Centered Logo","value":"logo_middle"}],"default":"default"},{"type":"header","content":"Footer Settings","info":"-------"},{"type":"select","id":"footer_style","label":"Select Footer","options":[{"label":"Footer Default","value":"default"},{"label":"Footer Default 2","value":"default2"},{"label":"Footer Copyright Style","value":"copyright"},{"label":"Footer Custom Style","value":"footer-custom"}],"default":"default"},{"type":"header","content":"Box Layout","info":"---------"},{"type":"checkbox","id":"box_layout_enable","label":"Box Layout Enable","default":false},{"type":"paragraph","content":"Box Layout Offset"},{"type":"text","id":"box_offset","label":"Box layout Offset","info":"Please put integer Number. Example: 300","default":"300"},{"type":"image_picker","id":"box_bg_img","label":"Background Image"},{"type":"color","id":"box_bg_color","label":"Background Color","default":"#ffffff"},{"type":"header","content":"Scroll To Top ","info":"---------"},{"type":"checkbox","id":"scroll_to_top","label":"Scroll Top Enable","default":true},{"type":"header","content":"Snow Effect","info":"---------"},{"type":"checkbox","id":"bans_snow_effect","label":"Snow Effect Enable","default":false},{"type":"image_picker","id":"snow_img_1","label":"Snow Effect image 1"},{"type":"image_picker","id":"snow_img_2","label":"Snow Effect image 2"},{"type":"image_picker","id":"snow_img_3","label":"Snow Effect image 3"}]},{"name":"General Settings","settings":[{"type":"header","content":"Favicon","info":"---------"},{"type":"image_picker","id":"favicon","label":"Favicon Image","info":"Will be scaled down to 32 x 32px"},{"type":"header","content":"Currency","info":"---------"},{"type":"checkbox","id":"currency_enable","label":"Currency Enable"},{"type":"paragraph","content":"To offer multiple currencies on your online store with checkout, you must first [edit your store's currency formatting](https:\/\/shopify.dev\/tutorials\/customize-theme-support-multiple-currencies)."},{"type":"paragraph","content":"Use the Country's ISO [Currency Code](http:\/\/www.xe.com\/iso4217.php)."},{"type":"textarea","id":"supported_currencies","label":"Supported currencies","default":"USD, USD - US Dollar | EUR, EUR - Euro | GBP, GBP - British Pound","info":"Ex: USD, USD - US Dollar | EUR, EUR - Euro | GBP, GBP - British Pound | INR, INR - Indian Rupee"},{"type":"header","content":"Countdown Timer","info":"---------"},{"type":"text","id":"cdown_days","label":"Days Lable","default":"Days"},{"type":"text","id":"cdown_hours","label":"Hours Lable","default":"Hr"},{"type":"text","id":"cdown_minutes","label":"Minutes Lable","default":"Min"},{"type":"text","id":"cdown_seconds","label":"Seconds Lable","default":"Sec"},{"type":"header","content":"Agree to Checkbox Before Checkout","info":"---------"},{"type":"checkbox","id":"agree_button_enable","label":"Agree to Checkbox Enable","default":true},{"type":"header","content":"Search behavior","info":"---------"},{"type":"checkbox","id":"predictive_search_enabled","default":true,"label":"Enable product suggestions"},{"type":"checkbox","id":"predictive_search_show_vendor","default":false,"label":"Show vendor","info":"Visible when product suggestions enabled."},{"type":"checkbox","id":"predictive_search_show_price","default":false,"label":"Show price","info":"Visible when product suggestions enabled."},{"type":"header","content":"Pagination","info":"---------"},{"type":"text","id":"pagination_prev","label":"Pagination Previous Text","default":"Prev"},{"type":"text","id":"pagination_next","label":"Pagination Next Text","default":"Next"},{"type":"header","content":"Preloader","info":"---------"},{"type":"checkbox","id":"enable_preloader","label":"Preloader Enable","default":false},{"type":"image_picker","id":"preloader_image","label":"Preloader Image","info":"Recommended size is 200x60 px"},{"type":"select","id":"preloader_style","label":"Preloader Style","options":[{"value":"image","label":"Preloader Image"},{"value":"Style_1","label":"Style 1"},{"value":"Style_2","label":"Style 2"},{"value":"Style_3","label":"Style 3"},{"value":"Style_4","label":"Style 4"},{"value":"Style_5","label":"Style 5"},{"value":"Style_6","label":"Style 6"},{"value":"Style_7","label":"Style 7"},{"value":"Style_8","label":"Style 8"},{"value":"Style_9","label":"Style 9"},{"value":"Style_10","label":"Style 10"},{"value":"Style_11","label":"Style 11"},{"value":"Style_12","label":"Style 12"},{"value":"Style_13","label":"Style 13"},{"value":"Style_14","label":"Style 14"},{"value":"Style_15","label":"Style 15"},{"value":"Style_16","label":"Style 16"},{"value":"Style_17","label":"Style 17"},{"value":"Style_18","label":"Style 18"},{"value":"Style_19","label":"Style 19"}],"default":"Style_15"},{"type":"paragraph","content":"Border color and border width need to be - Style 3, Style 4, Style 17, Style 18, Style 20"},{"type":"paragraph","content":"When you would use border color then Effect color to be transparent"},{"type":"color","id":"preloader_bg","label":"Preloader Background","default":"#ffffff"},{"type":"color","id":"preloader_color","label":"Effect Color","default":"#FF7F00"},{"type":"color","id":"preloader_border_color","label":"Border Color","default":"#ffffff"},{"type":"range","id":"preloader_border_width","min":0,"max":10,"step":1,"label":"Border Width","default":4,"unit":"px"},{"type":"header","content":"Custom CSS","info":"---------"},{"type":"html","id":"custom_css","label":"Custom CSS Code","info":"Example: <style>body{background: red;}<\/style>"},{"type":"header","content":"Custom Script","info":"---------"},{"type":"html","id":"custom_script","label":"Custom Script Code","info":"Example: <script>alert('Hello, Welcome our store!');<\/script>"},{"type":"header","content":"Recommended Info","info":"---------"},{"type":"checkbox","id":"recommended","label":"Recommended Info Enable ?","default":true,"info":"You can Enable\/Dsiable Recommended Info from the settings"}]},{"name":"RTL Mode","settings":[{"type":"header","content":"RTL"},{"type":"checkbox","id":"rtl_enable","label":"RTL Enable"}]},{"name":"Body Top Slider Settings","settings":[{"type":"header","content":"Revoultion Slider For Body Top"},{"type":"checkbox","id":"body_top_slider","label":"Body Top Slider Enable"}]},{"name":"Product Item Settings","settings":[{"type":"header","content":"Product Image","info":"------"},{"type":"paragraph","content":"Hover Image"},{"type":"checkbox","id":"product_dual_thumb_enable","label":"Dual Product Image Enable","default":true},{"type":"paragraph","content":"Image Size"},{"type":"select","id":"proudct_image_ratio","label":"Product Image Size","info":"If you're having a hard time understanding Product Image ratio, a handy [Calculator](https:\/\/aspectratiocalculator.com) is available to help","options":[{"value":"default","label":"Default"},{"value":"125","label":"Vertical rectangle - 1:4"},{"value":"150","label":"Vertical rectangle - 1:2"},{"value":"175","label":"Vertical rectangle - 3:4"},{"value":"100","label":"Square - 1:1 "},{"value":"25","label":"Horizontal rectangle - 4:1"},{"value":"50","label":"Horizontal rectangle - 2:1"},{"value":"75","label":"Horizontal rectangle - 4:3"}],"default":"default"},{"type":"paragraph","content":"Hard Crop"},{"type":"checkbox","id":"product_img_hardCrop","label":"Hard crop","default":false},{"type":"paragraph","content":"Additional Information"},{"type":"paragraph","content":"You can Upload the product images following these instructions. Vertical rectangle: Image height should be more than the width. Example of: 1000x1200 | square: Image width and height should be the same. Example of: 1200x1200 | Horizontal rectangle: Image width should be more than the height. Example of: 1000x1200"},{"type":"header","content":"Product Title","info":"------"},{"type":"checkbox","id":"prod_title_enable","label":"Product Title Enable","default":true},{"type":"range","id":"prodtitleword","min":1,"max":100,"step":1,"label":"Product Title Count","default":15},{"type":"header","content":"Product Hover Content Enable\/Disable","info":"------"},{"type":"checkbox","id":"hover_fixed_content","label":"Product Hover Content Disable for all devices","default":false},{"type":"checkbox","id":"mobile_Hover_Content","label":"Mobile device Product Hover Content Disable","default":true},{"type":"header","content":"Product Content Alignment","info":"------"},{"type":"radio","id":"product_content_align","label":"Product Content Alignment","options":[{"value":"right","label":"Right"},{"value":"center","label":"Center"},{"value":"left","label":"left"}],"default":"left"},{"type":"header","content":"Countdown Timer","info":"------"},{"type":"checkbox","id":"countdown_timer_enable","label":"Product Countdown Timer","default":true},{"type":"header","content":"Product Variants","info":"------"},{"type":"checkbox","id":"product_variants_show","label":"Product Variants displayed for all devices","default":true},{"type":"checkbox","id":"mobile_product_variant_show","label":"Product variants displayed on mobile","default":true},{"type":"header","content":"Product Badge","info":"------"},{"type":"text","id":"new_title","label":"New Title","default":"New"},{"type":"text","id":"sale_title","label":"Sale Title","default":"Sale"},{"type":"text","id":"soldout_title","label":"Soldout Title","default":"Soldout"},{"type":"checkbox","id":"sale_percent_enable","label":"Show Sale Percent","default":true},{"type":"paragraph","content":"New Badge comes from shortcode - Ex: [new_products]30[\/new_products]"},{"type":"header","content":"Pre-Order Button","info":"------"},{"type":"text","id":"preorder_button_title","label":"Pre-Order Button Title","default":"Pre-order"},{"type":"header","content":"Action Button","info":"------"},{"type":"checkbox","id":"product_cart_action_enable","label":"Action Button Enable","default":true},{"type":"text","id":"cart_button_title","label":"Cart Button Title","default":"Add to cart"},{"type":"text","id":"select_options","label":"Select Options Button Title","default":"Select Options"},{"type":"text","id":"out_of_stock","label":"Out of stock Title","default":"Out of stock"},{"type":"text","id":"affiliate_cart_button_title","label":"Affiliate Cart Button Title","default":"Buy from amazon"},{"type":"text","id":"soldout_button_title","label":"SoldOut Button Title","default":"Soldout","info":"When product out of stock then show this title"},{"type":"header","content":"Product Add To Cart Type","info":"------"},{"type":"radio","id":"product_cart_type","label":"Select Cart Type","options":[{"label":"Ajax Spin Cart","value":"ajax_spin_cart"},{"label":"Ajax Popup Cart","value":"ajax_popup_cart"},{"label":"Without Ajax Cart","value":"without_ajax_cart"}],"default":"ajax_spin_cart"},{"type":"header","content":"Ajax Spin Cart","info":"------"},{"type":"text","id":"wait_title","label":"Wait Title","default":"Wait.."},{"type":"text","id":"added_title","label":"Added Title","default":"Added"},{"type":"text","id":"unavailable_title","label":"Unavailable Title","default":"Uavailable"},{"type":"header","content":"Ajax Popup Cart","info":"------"},{"type":"textarea","id":"successfull_note","label":"Successfull Note","default":"Product Successfully Added To Your Shopping Cart"},{"type":"paragraph","content":"Checkout Button"},{"type":"checkbox","id":"checkout_button_enable","label":"Checkout Button Enable","default":true},{"type":"paragraph","content":"Chekbox Agree Button"},{"type":"text","id":"checkout_button2","label":"Checkout Button","default":"Checkout"},{"type":"checkbox","id":"popup_agree_button_enable","label":"Agree Button Enable","default":true},{"type":"textarea","id":"agree_button_text","label":"Agree Button Text","default":"I agree with the terms and conditions"},{"type":"paragraph","content":"Cart Button"},{"type":"checkbox","id":"popup_cart_button_enable","label":"cart Button Enable","default":true},{"type":"text","id":"view_cart_button2","label":"Cart Button","default":"View Cart"},{"type":"paragraph","content":"Continue Shopping Button"},{"type":"checkbox","id":"continue_shopping_btn_enable","label":"Shopping Button Enable","default":true},{"type":"text","id":"continue_shopping","label":"Checkout Button","default":"Continue Shopping"},{"type":"url","id":"continue_shopping_btn_url","label":"Shopping Button URL"},{"type":"text","id":"total_price_label","label":"Total Price Label","default":"Total Price:"},{"type":"text","id":"total_cart_before_title","label":"Popup Cart Count Before Title","default":"There are"},{"type":"text","id":"total_cart_after_title","label":"Popup Cart Count After Title","default":"Items In Your Cart."},{"type":"header","content":"Product Quickview","info":"------"},{"type":"checkbox","id":"product_quickview_enalbe","label":"Show Product Quickview","default":true},{"type":"checkbox","id":"quickview_product_variant_enable","label":"Show Product Variant","default":true},{"type":"text","id":"product_quick_view_title","label":"Product Quick View Title","default":"Quick View"},{"type":"text","id":"qcv_add_to_cart_text","label":"Add to cart title","default":"Add to cart"},{"type":"text","id":"qcv_cart_added_text","label":"Added title","default":"Added"},{"type":"text","id":"qcv_cart_error_text","label":"Error title","default":"Limit Products"},{"type":"text","id":"qcv_cart_wait_text","label":"Wait title","default":"Wait.."},{"type":"checkbox","id":"social_share_enable","label":"Social Share Enable","default":true},{"type":"text","id":"product_share_title","label":"Social Share Title","default":"Social Share"},{"type":"header","content":"Product Wishlist","info":"------"},{"type":"checkbox","id":"product_wishlist_enable","label":"Product Wishlist Button ","default":true},{"type":"text","id":"add_to_wishlist_tittle","label":"Add To Wishlist title","default":"Add To Wishlist"},{"type":"text","id":"remove_from_wishlist_tittle","label":"Remove From Wishlist title","default":"Remove From Wishlist"},{"type":"header","content":"Product Compare","info":"------"},{"type":"checkbox","id":"product_compare_enable","label":"Compare Product Enable","default":true},{"type":"text","id":"compare_product_title","label":"Compare Product Title","default":"Compare"}]},{"name":"Announcement Bar","settings":[{"type":"checkbox","id":"topbar_notification_enable","label":"Show Announcement Bar","default":false},{"type":"radio","id":"topbar_notification","label":"Show -","options":[{"label":"Home Page","value":"topbar_in_index"},{"label":"Whole Page","value":"topbar_in_template"}],"default":"topbar_in_index"},{"type":"header","content":"Snow Effect"},{"type":"checkbox","id":"notification_snow_effect","label":"Snow Effect Enable","default":false},{"type":"textarea","id":"notification_text","label":"Text","default":"All Featured Product 50% off"},{"type":"text","id":"notification_button_name","label":"Button Name","default":"Buy Now"},{"type":"url","id":"notification_button_url","label":"URL"},{"type":"image_picker","id":"notification_bg_image","label":"BG Image"},{"type":"color","id":"notification_text_color","label":"Notification Text Color","default":"#fff"},{"type":"color","id":"topbar_color_1","label":"BG Grdian Color One","default":"#f3f3f3"},{"type":"color","id":"topbar_color_2","label":"BG Grdian Color Two","default":"#666666"},{"type":"header","content":"Overlay"},{"type":"checkbox","id":"notify_overlay_enable","label":"Overlay Enable","default":false},{"type":"color","id":"notification_overlay_color","label":"Overlay Color","default":"#000000"},{"type":"range","id":"notification_overlay_opacity","min":0,"max":1,"step":0.1,"label":"Overlay Color Opacity","default":0.6},{"type":"header","content":"Shop Button"},{"type":"color","id":"notificaction_button_bg_color","label":"BG Color","default":"#666666"},{"type":"color","id":"notificaction_button_border_color","label":"Border Color","default":"#666666"},{"type":"color","id":"notificaction_button_color","label":"Text Color","default":"#ffffff"},{"type":"color","id":"notificaction_button_hover_bg_color","label":"Hover BG Color","default":"#999"},{"type":"color","id":"notificaction_button_hover_border_color","label":"Hover Border Color","default":"#999"},{"type":"color","id":"notificaction_button_hover_color","label":"Hover Text Color","default":"#fff"},{"type":"header","content":"Close Button"},{"type":"color","id":"notificaction_close_button_bg_color","label":"BG Color"},{"type":"color","id":"notificaction_close_button_border_color","label":"Border Color","default":"#fff"},{"type":"color","id":"notificaction_close_button_color","label":"Color","default":"#fff"},{"type":"color","id":"notificaction_close_button_hover_bg_color","label":"Hover BG Color","default":"#fff"},{"type":"color","id":"notificaction_close_button_hover_border_color","label":"Hover Border Color","default":"#fff"},{"type":"color","id":"notificaction_close_button_hover_color","label":"Hover Color","default":"#232323"}]},{"name":"Newsletter","settings":[{"type":"header","content":"Newsletter"},{"type":"header","content":"Newsletter Global Settings","info":"--------"},{"type":"header","content":"Mailchimp Form Action URL","info":"If you want to use mailchimp"},{"type":"textarea","id":"newsletter_action","label":"MailChimp form action URL","info":"[Where do I find my MailChimp form action URL?](https:\/\/mailchimp.com\/help\/host-your-own-signup-forms\/) And [Video Guide](https:\/\/youtu.be\/mQ6UFLP_iEI)"},{"type":"header","content":"Newsletter Popup Settings","info":"--------"},{"type":"checkbox","id":"newsletter_popup_enable","label":"Newsletter Popup Enable","default":false},{"type":"checkbox","id":"one_day_popup_enable","label":"Show Popup one time for per day","default":true},{"type":"header","content":"Newsletter Popup Delay","info":"--------"},{"type":"range","id":"popup_delay","min":1,"max":50,"step":1,"label":"Popup Delay","unit":"SEC","default":2},{"type":"header","content":"Newsletter Form Select","info":"--------"},{"type":"radio","id":"newsletter_system","label":"Newsletter Accept","options":[{"label":"Shopify Form","value":"by_shopify_form"},{"label":"MailChimp","value":"by_mailchimp"}],"default":"by_shopify_form"},{"type":"header","content":"Newsletter Style","info":"--------"},{"type":"radio","id":"newsletter_style_handle","label":"Newsletter Style","options":[{"label":"Default Style","value":"newsletter_style_1"},{"label":"Style 2","value":"newsletter_style_2"},{"label":"Style 3","value":"newsletter_style_3"}],"default":"newsletter_style_1"},{"type":"header","content":"Newsletter Responsive","info":"--------"},{"type":"select","id":"newsletter_Show","label":"Will display newsletters from which device","options":[{"label":"From Normal Desktop > 992","value":"992"},{"label":"From Tablet > 768","value":"768"},{"label":"From Large Mobile > 575","value":"575"},{"label":"From Small Mobile > 320","value":"320"}],"default":"768"},{"type":"header","content":"Newsletter POPUP Content","info":"--------"},{"type":"image_picker","id":"newsletter_bg_img","label":"Newsletter Image","info":"Style 1, 2 as a background image and sidebar image as a style 3"},{"type":"textarea","id":"newletter_popup_title","label":"Newsletter Popup Title","default":"Newsletter","info":"Follow the instruction Bold: <strong>Content <\/strong>, New line: <br>"},{"type":"textarea","id":"newsletter_text","label":"Newsletter Description","default":"Join over 1,000 people who get free and fresh content delivered automatically each time we publish"},{"type":"text","id":"newsletter_button_name","label":"Newsletter Popup Button Name","default":"Subscribe"},{"type":"checkbox","id":"dont_show_again_enable","label":"Show 'Dont Show again' field","default":true},{"type":"text","id":"dont_show_again_text","label":"Dont Show Title","default":"Don't show this again"},{"type":"header","content":"Color Settings","info":"--------"},{"type":"header","content":"Newsletter Box Background Color"},{"type":"color","id":"newsletter_box_color","label":"Newsletter Box Bg Color","default":"#fff"},{"type":"paragraph","content":"The overlay settings for newsletter-style 2"},{"type":"color","id":"newsletter_overlay_color","label":"Overlay Color","default":"#333"},{"type":"range","id":"newsletter_overlay_opacicty","min":0,"max":1,"step":0.1,"label":"Overlay Color Opacity","default":0.8},{"type":"color","id":"popup_newsletter_title_color","label":"Title Color","default":"#434343"},{"type":"color","id":"popup_newsletter_description_color","label":"Description Color","default":"#999"},{"type":"color","id":"input_fild_color","label":"Input Fild\/Text Color","default":"#333"},{"type":"color","id":"input_border_color","label":"Input Border Color","default":"#ccc"},{"type":"color","id":"newsletter_button_bg_color","label":"Button BG Color","default":"#000000"},{"type":"color","id":"newsletter_button_color","label":"Button Color","default":"#333"},{"type":"color","id":"newsletter_button_hover_bg_color","label":"Button Hover BG Color","default":"#666666"},{"type":"color","id":"newsletter_button_hover_color","label":"Button Hover Color","default":"#333"},{"type":"color","id":"dont_show_title_color","label":"Dont Show Title Color","default":"#000"},{"type":"color","id":"close_icon_color","label":"Close Icon Color","default":"#666"}]},{"name":"Typography","settings":[{"type":"header","content":"Google Fonts"},{"type":"header","content":"Google Fonts Embed Guid","info":"How to Copy Google Fonts Embed link [Click Here](http:\/\/prntscr.com\/otu0yv)"},{"type":"textarea","id":"google_fonts_import","label":"Embed Here Google Fonts Link","info":"Exmaple: @import url('https:\/\/fonts.googleapis.com\/css?family=Work+Sans&display=swap') | Go to Google Fonts [Click Here](https:\/\/fonts.google.com\/) | It will work when you will select Google Fonts"},{"type":"header","content":"Body Font"},{"type":"radio","id":"body_text_font","label":"Font Select","options":[{"value":"shopify_library","label":"Shopify Library Fonts"},{"value":"google_fonts","label":"Google Fonts"}],"default":"shopify_library"},{"type":"paragraph","content":"Shopify Library Fonts"},{"type":"font_picker","label":"Body font","id":"body_font_handle","default":"raleway_n4"},{"type":"paragraph","content":"Google Fonts"},{"type":"textarea","id":"body_font_family","label":"Put Here Font Family","info":"Example: 'Work Sans', sans-serif | Go to Google fonts [Click Here](https:\/\/fonts.google.com\/) and How to copy Font Family [Click Here](http:\/\/prntscr.com\/otu39q)"},{"type":"select","id":"body_font_weight","label":"Select Font Weight","options":[{"label":"Light","value":"300"},{"label":"Regular","value":"400"},{"label":"Medium","value":"500"},{"label":"Semi Bold","value":"600"},{"label":"Bold","value":"700"}],"default":"400"},{"type":"select","id":"body_font_style","label":"Select Font Stlye","options":[{"label":"Normal","value":"normal"},{"label":"Italic","value":"italic"}],"default":"normal"},{"type":"header","content":"Heading Font"},{"type":"radio","id":"heading_text_font","label":"Font Select","options":[{"value":"shopify_library","label":"Shopify Library Fonts"},{"value":"google_fonts","label":"Google Fonts"}],"default":"shopify_library"},{"type":"paragraph","content":"Shopify Library Fonts"},{"type":"font_picker","label":"Heading font","id":"header_font_handle","default":"helvetica_n4"},{"type":"paragraph","content":"Google Fonts"},{"type":"textarea","id":"heading_family","label":"Put Here Font Family","info":"Example: 'Work Sans', sans-serif | Go to Google fonts [Click Here](https:\/\/fonts.google.com\/) and How to copy Font Family [Click Here](http:\/\/prntscr.com\/otu39q)"},{"type":"select","id":"heading_weight","label":"Select Font Weight","options":[{"label":"Light","value":"300"},{"label":"Regular","value":"400"},{"label":"Medium","value":"500"},{"label":"Semi Bold","value":"600"},{"label":"Bold","value":"700"}],"default":"400"},{"type":"select","id":"heading_style","label":"Select Font Stlye","options":[{"label":"Normal","value":"normal"},{"label":"Italic","value":"italic"}],"default":"normal"},{"type":"header","content":"Paragraph Font"},{"type":"radio","id":"paragraph_text_font","label":"Font Select","options":[{"value":"shopify_library","label":"Shopify Library Fonts"},{"value":"google_fonts","label":"Google Fonts"}],"default":"shopify_library"},{"type":"paragraph","content":"Shopify Library Fonts"},{"type":"font_picker","label":"Paragraph font","id":"paragraph_font_handle","default":"raleway_n4"},{"type":"paragraph","content":"Google Fonts"},{"type":"textarea","id":"paragraph_family","label":"Put Here Font Family","info":"Example: 'Work Sans', sans-serif | Go to Google fonts [Click Here](https:\/\/fonts.google.com\/) and How to copy Font Family [Click Here](http:\/\/prntscr.com\/otu39q)"},{"type":"select","id":"paragraph_weight","label":"Select Font Weight","options":[{"label":"Light","value":"300"},{"label":"Regular","value":"400"},{"label":"Medium","value":"500"},{"label":"Semi Bold","value":"600"},{"label":"Bold","value":"700"}],"default":"400"},{"type":"select","id":"paragraph_style","label":"Select Font Stlye","options":[{"label":"Normal","value":"normal"},{"label":"Italic","value":"italic"}],"default":"normal"}]},{"name":"Colors","settings":[{"type":"header","content":"Dark version"},{"type":"checkbox","id":"dark_version_enable","label":"Dark Version Enable","default":false},{"type":"header","content":"General colors"},{"type":"header","content":"Body Color","info":"------"},{"type":"color","id":"body_color","label":"Body Color","default":"#777","info":"Body Text Color"},{"type":"color","id":"body_bg_color","label":"Background Color","default":"#ffffff"},{"type":"header","content":"Others","info":"------"},{"type":"color","id":"theme_heading_color","label":"All Heading title Color","default":"#333","info":"Used for Heading Title Color"},{"type":"color","id":"color_primary","label":"Primary","default":"#D3122A","info":"Used for text links, and primary buttons"},{"type":"color","id":"theme_secondary_color","label":"Secondary Color","default":"#98d8ca","info":"Used for text links, and Secondary Color"},{"type":"header","content":"Product Item","info":"------"},{"type":"paragraph","content":"Product Title"},{"type":"color","id":"product_title_color","label":"Product Title Color","default":"#333"},{"type":"paragraph","content":"Add To Cart Title"},{"type":"color","id":"product_add_to_cart_color","label":"Add To cart Title Color","default":"#d3122a"},{"type":"paragraph","content":"Product Price"},{"type":"color","id":"product_price_color","label":"Product Price Color","default":"#333","info":"Used for Product Price Color"},{"type":"color","id":"product_old_price_color","label":"Product Old Price Color","default":"#aaa","info":"Used for Product Old Price Color"},{"type":"paragraph","content":"Badge"},{"type":"color","id":"pro_badge","label":"Badge Background Color","default":"#98d8ca"},{"type":"color","id":"pro_text_badge","label":"Badge Text Color","default":"#fff"},{"type":"paragraph","content":"Sold Out Badge"},{"type":"color","id":"pro_soldout_badge","label":"Sold out Background Color","default":"#d3122a"},{"type":"color","id":"soldout_text_badge","label":"Sold Out Text Color","default":"#fff"},{"type":"paragraph","content":"Product Action Button"},{"type":"color","id":"prod_action_btn_bg","label":"Background Color","default":"#fff"},{"type":"color","id":"prod_action_text","label":"Text Color","default":"#7e7e7e"},{"type":"paragraph","content":"Product Action Button Hover"},{"type":"color","id":"prod_action_hover_btn_bg","label":"Hover Background Color","default":"#fff"},{"type":"color","id":"prod_action_hover_text","label":"Hover Text Color","default":"#333"},{"type":"paragraph","content":"Product Variant Block"},{"type":"color","id":"variant_bg_color","label":"Varian Background Color","default":"#fff"},{"type":"color","id":"variant_text_color","label":"Variant Text Color","default":"#999"},{"type":"paragraph","content":"Product CountDown Timer"},{"type":"color","id":"prod_timer_bg","label":"Timer Background Color","default":"#98d8ca"},{"type":"color","id":"prod_timer_text","label":"Timer Text Color","default":"#fff"},{"type":"header","content":"Theme Button Color","info":"------"},{"type":"color","id":"button_bg_color","label":"Button Bacground Color","default":"#333333","info":"Used for Button Background Color"},{"type":"color","id":"button_color","label":"Button Text Color","default":"#fff","info":"Used for Button Text Color"},{"type":"color","id":"button_border_color","label":"Button Border Color","default":"#333","info":"Used for Button Border Color"},{"type":"paragraph","content":"Hover Color"},{"type":"color","id":"button_hover_bg_color","label":"Button Hover Bacground Color","default":"#fff","info":"Used for Button hover Background Color"},{"type":"color","id":"button_hover_color","label":"Button Hover Text Color","default":"#333","info":"Used for Button Hover Text Color"},{"type":"color","id":"button_hover_border_color","label":"Button Hover Border Color","default":"#333","info":"Used for Button Hover Border Color"},{"type":"header","content":"Red Button Color","info":"------"},{"type":"color","id":"red_button_bg_color","label":"Button Bacground Color","default":"#d3122a","info":"Used for Button Background Color"},{"type":"color","id":"red_button_color","label":"Button Text Color","default":"#fff","info":"Used for Button Text Color"},{"type":"paragraph","content":"Hover Color"},{"type":"color","id":"red_button_hover_bg_color","label":"Button Hover Bacground Color","default":"#d3122a","info":"Used for Button hover Background Color"},{"type":"color","id":"red_button_hover_color","label":"Button Hover Text Color","default":"#fff","info":"Used for Button Hover Text Color"},{"type":"header","content":"Customer Login Page","info":"------"},{"type":"color","id":"login_page_bg","label":"Background Color"},{"type":"color","id":"login_title_Color","label":"Title Color"},{"type":"color","id":"login_subtitle_Color","label":"Sub Title Color"},{"type":"color","id":"login_action_btn_Color","label":"Action Button Color"},{"type":"color","id":"login_action_btn_hover_Color","label":"Action Button Hover Color"},{"type":"color","id":"input_bg_color","label":"Input Background Color"},{"type":"color","id":"input_text_color","label":"Input Text Color"},{"type":"header","content":"Scroll Top Button","info":"------"},{"type":"color","id":"scrolltop_bg_color","label":"ScrollTop Button Bg Color","default":"#333","info":"Used for ScrollTop Button Background Color"},{"type":"color","id":"scrolltop_color","label":"BScrollTop Button Color","default":"#fff","info":"Used for BScrollTop Button Color"},{"type":"paragraph","content":"Hover Color"},{"type":"color","id":"scrolltop_hover_bg_color","label":"ScrollTop Button Bg Color","default":"#abb8c0","info":"Used for ScrollTop Button Hover Background Color"},{"type":"color","id":"scrolltop_hover_color","label":"BScrollTop Button Hover Color","default":"#fff","info":"Used for BScrollTop Button Hover Color"}]},{"name":"Breadcrumb Banner","settings":[{"type":"checkbox","id":"breadcrumb_banner_enable","label":"Show Breadcrumb Banner","default":true},{"type":"image_picker","id":"breadcrumb_banner_image","label":"BG Image","info":"Recommended Size: 1920 x 300px"},{"type":"header","content":"Page Header"},{"type":"checkbox","id":"page_title_enable","label":"Page Title Enable","default":true},{"type":"checkbox","id":"breadcrumb_enable","label":"Breadcrumb Enable","default":true},{"type":"header","content":"Collection Page Header"},{"type":"checkbox","id":"collection_page_title_bar","label":"Collection Page Title Bar","default":true},{"type":"checkbox","id":"collection_img_enable","label":"Collection Background Image Enable","default":true},{"type":"checkbox","id":"collection_page_title","label":"Collection Title Enable","default":true},{"type":"checkbox","id":"collection_page_description","label":"Collection Description Enable","default":false},{"type":"checkbox","id":"breadcrumb_enable_from_collection","label":"Breadcrumb Enable on collection page","default":true},{"type":"header","content":"Content Align"},{"type":"radio","id":"text_align","label":"Section Title Align","options":[{"value":"left","label":"Left"},{"value":"right","label":"Right"},{"value":"center","label":"Center"}],"default":"left"},{"type":"header","content":"Color"},{"type":"color","id":"breadcrumb_banner_bg","label":"BG Color","default":"#f6f6f6"},{"type":"color","id":"breadcrumb_banner_overlay_color","label":"Overlay Color","default":"#f6f6f6"},{"type":"range","id":"breadcrumb_banner_opacity","min":0,"max":1,"step":0.1,"label":"Overlay Color Opacity","default":0.6},{"type":"color","id":"breadcurmb_title_color","label":"Title Color","default":"#666666"},{"type":"color","id":"breadcurmb_page_title_color","label":"Page Title Color","default":"#666666"},{"type":"color","id":"active_breadcurmb_page_title_color","label":"Active Page Title Color","default":"#999999"},{"type":"header","content":"Padding Large\/Desktop Device"},{"type":"range","id":"breadcrumb_padding_top","min":20,"max":200,"step":5,"label":"Padding Top","unit":"px","default":50},{"type":"range","id":"breadcrumb_padding_bottom","min":20,"max":200,"step":5,"label":"Padding Bottom","unit":"px","default":70},{"type":"header","content":"Padding Mobile Device"},{"type":"range","id":"breadcrumb_padding_top_xs","min":20,"max":200,"step":5,"label":"Padding Top","unit":"px","default":50},{"type":"range","id":"breadcrumb_padding_bottom_xs","min":20,"max":200,"step":5,"label":"Padding Bottom","unit":"px","default":70}]},{"name":"Social Media","settings":[{"type":"header","content":"Icon With Link"},{"type":"text","id":"social_icon_1_name","label":"Social Icon Name","default":"ion-social-facebook","info":"Ionicons Icon [See Icon](https:\/\/ionicons.com\/v2\/cheatsheet.html)"},{"type":"url","id":"social_icon_1_link","label":"Link"},{"type":"header","content":"Icon With Link"},{"type":"text","id":"social_icon_2_name","label":"Social Icon Name","default":"ion-social-instagram","info":"Ionicons Icon [See Icon](https:\/\/ionicons.com\/v2\/cheatsheet.html)"},{"type":"url","id":"social_icon_2_link","label":"Link"},{"type":"header","content":"Icon With Link"},{"type":"text","id":"social_icon_3_name","label":"Social Icon Name","default":"ion-social-google","info":"Ionicons Icon [See Icon](https:\/\/ionicons.com\/v2\/cheatsheet.html)"},{"type":"url","id":"social_icon_3_link","label":"Link"},{"type":"header","content":"Icon With Link"},{"type":"text","id":"social_icon_4_name","label":"Social Icon Name","default":"ion-social-linkedin","info":"Ionicons Icon [See Icon](https:\/\/ionicons.com\/v2\/cheatsheet.html)"},{"type":"url","id":"social_icon_4_link","label":"Link"},{"type":"header","content":"Icon With Link"},{"type":"text","id":"social_icon_5_name","label":"Social Icon Name","default":"ion-social-pinterest","info":"Ionicons Icon [See Icon](https:\/\/ionicons.com\/v2\/cheatsheet.html)"},{"type":"url","id":"social_icon_5_link","label":"Link"},{"type":"header","content":"Icon With Link"},{"type":"text","id":"social_icon_6_name","label":"Social Icon Name","info":"Ionicons Icon [See Icon](https:\/\/ionicons.com\/v2\/cheatsheet.html)"},{"type":"url","id":"social_icon_6_link","label":"Link"},{"type":"header","content":"Icon With Link"},{"type":"text","id":"social_icon_7_name","label":"Social Icon Name","info":"Ionicons Icon [See Icon](https:\/\/ionicons.com\/v2\/cheatsheet.html)"},{"type":"url","id":"social_icon_7_link","label":"Link"}]},{"name":"Wishlist","settings":[{"type":"checkbox","id":"wishlist_enable","label":"Show Wishlist","default":true},{"type":"text","id":"add_wishlit_title","label":"Add Wishlist Title","default":"Add to wishlist"},{"type":"text","id":"loading_wishlist","label":"Loading Wishlist Title","default":"Loading.."},{"type":"text","id":"remove_wishlit_title","label":"Remove Wishlist Title","default":"Remove From wishlist"},{"type":"text","id":"go_to_wishlit_title","label":"Go To Wishlist Title","default":"Go to wishlist"},{"type":"header","content":"Wishlist Page"},{"type":"paragraph","content":"If you want to create wishlist page then follow this URL - [Click Here](https:\/\/image.prntscr.com\/image\/ZEjtoJDoQwGoWloMSwt3kQ.jpeg)"},{"type":"text","id":"wishlist_empty_title","label":"Wishlist Empty Title","default":"Your wishlist is currently empty!"},{"type":"text","id":"login_request_title","label":"Login Request Title","default":"Please login your account"}]},{"name":"Customer Page","settings":[{"type":"header","content":"Login"},{"type":"text","id":"login_sub_text","label":"Instruction Text","default":"Please login using account detail bellow."},{"type":"header","content":"Register"},{"type":"text","id":"register_sub_text","label":"Instruction Text","default":"Please Register using account detail bellow."},{"type":"header","content":"My Account \/ Order"},{"type":"text","id":"customer_logout_title","label":"Logout Title","default":"Logout"}]},{"name":"Default Padding","settings":[{"type":"header","content":"Custom page padding is below"},{"type":"header","content":"Large\/Desktop Device Padding"},{"type":"range","id":"custom_page_padding_top","min":50,"max":200,"step":5,"label":"Padding Top","unit":"px","default":100},{"type":"range","id":"custom_page_padding_bottom","min":50,"max":200,"step":5,"label":"Padding Bottom","unit":"px","default":80},{"type":"header","content":"Mobile Device Padding"},{"type":"range","id":"custom_page_padding_top_xs","min":50,"max":200,"step":5,"label":"Padding Top","unit":"px","default":80},{"type":"range","id":"custom_page_padding_bottom_xs","min":50,"max":200,"step":5,"label":"Padding Bottom","unit":"px","default":60},{"type":"header","content":"Customer(Login\/register\/my account\/order) page padding is below"},{"type":"header","content":"Large\/Desktop Device Padding"},{"type":"range","id":"customer_page_padding_top","min":50,"max":200,"step":5,"label":"Padding Top","unit":"px","default":100},{"type":"range","id":"customer_page_padding_bottom","min":50,"max":200,"step":5,"label":"Padding Bottom","unit":"px","default":100},{"type":"header","content":"Mobile Device Padding"},{"type":"range","id":"customer_page_padding_top_xs","min":50,"max":200,"step":5,"label":"Padding Top","unit":"px","default":80},{"type":"range","id":"customer_page_padding_bottom_xs","min":50,"max":200,"step":5,"label":"Padding Bottom","unit":"px","default":80}]}]